[
	{
		"id": 63288,
		"agentId": 38076,
		"title": "Handmade Wooden Mouse",
		"slug": "amet-rem-tempora",
		"content": "Libero omnis aut odio quia est. Reprehenderit sed quam ut est eum ullam facere et. Dolorem et voluptatem molestiae vero et. Minus vero sed et quia. Doloribus quisquam cum corporis molestiae.",
		"status": "publish",
		"price": "223.00",
		"isNegotiable": false,
		"propertyType": "Villa",
		"condition": "Poor",
		"rating": 3,
		"ratingCount": 1,
		"contactNumber": "1-114-147-7099",
		"amenities": [
			{
				"id": 42453,
				"guestRoom": 8
			},
			{
				"id": 30289,
				"bedRoom": 6
			},
			{
				"id": 5821,
				"wifiAvailability": true
			},
			{
				"id": 22411,
				"parkingAvailability": true
			},
			{
				"id": 95762,
				"poolAvailability": true
			},
			{
				"id": 27621,
				"airCondition": false
			},
			{
				"id": 96437,
				"extraBedFacility": false
			}
		],
		"image": {
			"id": 90096,
			"url": "http://s3.amazonaws.com/redqteam.com/tripfinder-images/hotel-1.jpg",
			"thumb_url": "http://s3.amazonaws.com/redqteam.com/tripfinder-images/hotel-1_thumb.jpg"
		},
		"location": {
			"id": 67404,
			"lat": 40.706877,
			"lng": -74.011265,
			"formattedAddress": "52623 Donnie Roads",
			"zipcode": "68225-1064",
			"city": "Nestorview",
			"state_long": "Washington",
			"state_short": "WY",
			"country_long": "Tanzania",
			"country_short": "VN"
		},
		"gallery": [
			{
				"id": 11287,
				"url": "http://s3.amazonaws.com/redqteam.com/tripfinder-images/hotel-2_thumb.jpg"
			},
			{
				"id": 51759,
				"url": "http://s3.amazonaws.com/redqteam.com/tripfinder-images/hotel-3_thumb.jpg"
			},
			{
				"id": 1888,
				"url": "http://s3.amazonaws.com/redqteam.com/tripfinder-images/hotel-4_thumb.jpg"
			}
		]
	},
	{
		"id": 10656,
		"agentId": 22344,
		"title": "Awesome Cotton Table",
		"slug": "dolore-rerum-voluptates",
		"content": "Sint aliquam voluptates nam. Exercitationem at ipsam. Ducimus natus ipsa nulla dolores aliquid. Occaecati minus dolores suscipit iste voluptatibus numquam qui tempore.",
		"status": "publish",
		"price": "768.00",
		"isNegotiable": true,
		"propertyType": "Hotel",
		"condition": "Poor",
		"rating": 2,
		"ratingCount": 1,
		"contactNumber": "688.399.4392",
		"amenities": [
			{
				"id": 23592,
				"guestRoom": 2
			},
			{
				"id": 7393,
				"bedRoom": 8
			},
			{
				"id": 43675,
				"wifiAvailability": false
			},
			{
				"id": 19250,
				"parkingAvailability": true
			},
			{
				"id": 4504,
				"poolAvailability": true
			},
			{
				"id": 25986,
				"airCondition": true
			},
			{
				"id": 75036,
				"extraBedFacility": false
			}
		],
		"image": {
			"id": 25738,
			"url": "http://s3.amazonaws.com/redqteam.com/tripfinder-images/hotel-7.jpg",
			"thumb_url": "http://s3.amazonaws.com/redqteam.com/tripfinder-images/hotel-7_thumb.jpg"
		},
		"location": {
			"id": 57557,
			"lat": 40.7168,
			"lng": -74.0465,
			"formattedAddress": "28740 Purdy Rue",
			"zipcode": "26632",
			"city": "East Lonshire",
			"state_long": "Michigan",
			"state_short": "ME",
			"country_long": "Saint Helena",
			"country_short": "TK"
		},
		"gallery": [
			{
				"id": 64454,
				"url": "http://s3.amazonaws.com/redqteam.com/tripfinder-images/hotel-8_thumb.jpg"
			},
			{
				"id": 21253,
				"url": "http://s3.amazonaws.com/redqteam.com/tripfinder-images/hotel-10_thumb.jpg"
			},
			{
				"id": 46809,
				"url": "http://s3.amazonaws.com/redqteam.com/tripfinder-images/hotel-9_thumb.jpg"
			}
		]
	},
	{
		"id": 34842,
		"agentId": 66343,
		"title": "Incredible Granite Chicken",
		"slug": "nulla-ullam-officia",
		"content": "Totam voluptatum iusto autem est sapiente eius. Autem qui incidunt beatae harum iusto dolorem numquam voluptates qui. Repellendus aut deserunt ipsum ad excepturi velit tempore ut reiciendis. Ducimus officia animi voluptatem sequi. Ut enim sequi delectus adipisci nemo praesentium illo. Rerum ut ab eum.",
		"status": "draft",
		"price": "191.00",
		"isNegotiable": false,
		"propertyType": "Villa",
		"condition": "Average",
		"rating": 4.5,
		"ratingCount": 14,
		"contactNumber": "890-827-6932",
		"amenities": [
			{
				"id": 35106,
				"guestRoom": 2
			},
			{
				"id": 23084,
				"bedRoom": 2
			},
			{
				"id": 62049,
				"wifiAvailability": false
			},
			{
				"id": 69839,
				"parkingAvailability": false
			},
			{
				"id": 51897,
				"poolAvailability": false
			},
			{
				"id": 3389,
				"airCondition": false
			},
			{
				"id": 90560,
				"extraBedFacility": true
			}
		],
		"image": {
			"id": 42681,
			"url": "http://s3.amazonaws.com/redqteam.com/tripfinder-images/hotel-13.jpg",
			"thumb_url": "http://s3.amazonaws.com/redqteam.com/tripfinder-images/hotel-13_thumb.jpg"
		},
		"location": {
			"id": 45160,
			"lat": 40.7405,
			"lng": -73.9878,
			"formattedAddress": "453 Beth Passage",
			"zipcode": "78170",
			"city": "Lorenhaven",
			"state_long": "Oregon",
			"state_short": "AK",
			"country_long": "Djibouti",
			"country_short": "SK"
		},
		"gallery": [
			{
				"id": 37686,
				"url": "http://s3.amazonaws.com/redqteam.com/tripfinder-images/hotel-14_thumb.jpg"
			},
			{
				"id": 15249,
				"url": "http://s3.amazonaws.com/redqteam.com/tripfinder-images/hotel-15_thumb.jpg"
			},
			{
				"id": 23724,
				"url": "http://s3.amazonaws.com/redqteam.com/tripfinder-images/hotel-16_thumb.jpg"
			}
		]
	},
	{
		"id": 13858,
		"agentId": 62059,
		"title": "Unbranded Frozen Gloves",
		"slug": "minus-dolores-quia",
		"content": "Voluptates commodi nihil voluptatem ea. Id aut ea aliquam perspiciatis quo voluptatum sapiente quas. Esse nobis dolores.",
		"status": "publish",
		"price": "662.00",
		"isNegotiable": true,
		"propertyType": "Hotel",
		"condition": "Terrible",
		"rating": 4.76,
		"ratingCount": 12,
		"contactNumber": "(301) 450-0248 x4505",
		"amenities": [
			{
				"id": 43258,
				"guestRoom": 3
			},
			{
				"id": 44033,
				"bedRoom": 4
			},
			{
				"id": 33164,
				"wifiAvailability": false
			},
			{
				"id": 9369,
				"parkingAvailability": false
			},
			{
				"id": 73172,
				"poolAvailability": false
			},
			{
				"id": 60056,
				"airCondition": true
			},
			{
				"id": 79307,
				"extraBedFacility": true
			}
		],
		"image": {
			"id": 87047,
			"url": "http://s3.amazonaws.com/redqteam.com/tripfinder-images/hotel-19.jpg",
			"thumb_url": "http://s3.amazonaws.com/redqteam.com/tripfinder-images/hotel-19_thumb.jpg"
		},
		"location": {
			"id": 27125,
			"lat": 40.7673,
			"lng": -74.0462,
			"formattedAddress": "8196 Bins Road",
			"zipcode": "43464",
			"city": "Braulioburgh",
			"state_long": "California",
			"state_short": "MT",
			"country_long": "Austria",
			"country_short": "CL"
		},
		"gallery": [
			{
				"id": 62073,
				"url": "http://s3.amazonaws.com/redqteam.com/tripfinder-images/hotel-20_thumb.jpg"
			},
			{
				"id": 94501,
				"url": "http://s3.amazonaws.com/redqteam.com/tripfinder-images/hotel-1_thumb.jpg"
			},
			{
				"id": 11548,
				"url": "http://s3.amazonaws.com/redqteam.com/tripfinder-images/hotel-2_thumb.jpg"
			}
		]
	},
	{
		"id": 75801,
		"agentId": 28419,
		"title": "Rustic Cotton Chicken",
		"slug": "repellat-excepturi-nobis",
		"content": "Quam cum nihil a quod nam assumenda repellat qui. Suscipit iste facilis aut dolore voluptatum iure. Neque eius numquam rerum occaecati. Totam ratione animi voluptas ex. Laborum modi eius neque inventore rerum.",
		"status": "draft",
		"price": "888.00",
		"isNegotiable": false,
		"propertyType": "Hotel",
		"condition": "Poor",
		"rating": 2.8,
		"ratingCount": 2,
		"contactNumber": "055-387-6388",
		"amenities": [
			{
				"id": 91599,
				"guestRoom": 8
			},
			{
				"id": 54794,
				"bedRoom": 3
			},
			{
				"id": 23246,
				"wifiAvailability": true
			},
			{
				"id": 81884,
				"parkingAvailability": true
			},
			{
				"id": 10766,
				"poolAvailability": true
			},
			{
				"id": 84257,
				"airCondition": false
			},
			{
				"id": 83346,
				"extraBedFacility": false
			}
		],
		"image": {
			"id": 32194,
			"url": "http://s3.amazonaws.com/redqteam.com/tripfinder-images/hotel-5.jpg",
			"thumb_url": "http://s3.amazonaws.com/redqteam.com/tripfinder-images/hotel-5_thumb.jpg"
		},
		"location": {
			"id": 33715,
			"lat": 40.9003,
			"lng": -74.5117,
			"formattedAddress": "80766 Pearlie Roads",
			"zipcode": "85895-0513",
			"city": "East Jamie",
			"state_long": "Oklahoma",
			"state_short": "OR",
			"country_long": "Palestinian Territory",
			"country_short": "ZM"
		},
		"gallery": [
			{
				"id": 51437,
				"url": "http://s3.amazonaws.com/redqteam.com/tripfinder-images/hotel-6_thumb.jpg"
			},
			{
				"id": 62903,
				"url": "http://s3.amazonaws.com/redqteam.com/tripfinder-images/hotel-7_thumb.jpg"
			},
			{
				"id": 69198,
				"url": "http://s3.amazonaws.com/redqteam.com/tripfinder-images/hotel-8_thumb.jpg"
			}
		]
	},
	{
		"id": 63811,
		"agentId": 22353,
		"title": "Small Metal Ball",
		"slug": "earum-provident-adipisci",
		"content": "Dolores tempora distinctio. Excepturi reprehenderit blanditiis quibusdam reprehenderit non quo atque sunt. Sint sed sit ut et doloremque amet reprehenderit.",
		"status": "draft",
		"price": "316.00",
		"isNegotiable": true,
		"propertyType": "Hotel",
		"condition": "Good",
		"rating": 2.5,
		"ratingCount": 12,
		"contactNumber": "(352) 594-5474 x93019",
		"amenities": [
			{
				"id": 17643,
				"guestRoom": 7
			},
			{
				"id": 23712,
				"bedRoom": 1
			},
			{
				"id": 47458,
				"wifiAvailability": false
			},
			{
				"id": 82666,
				"parkingAvailability": true
			},
			{
				"id": 46037,
				"poolAvailability": true
			},
			{
				"id": 20784,
				"airCondition": false
			},
			{
				"id": 63472,
				"extraBedFacility": true
			}
		],
		"image": {
			"id": 52861,
			"url": "http://s3.amazonaws.com/redqteam.com/tripfinder-images/hotel-11.jpg",
			"thumb_url": "http://s3.amazonaws.com/redqteam.com/tripfinder-images/hotel-11_thumb.jpg"
		},
		"location": {
			"id": 23076,
			"lat": 40.8214,
			"lng": -75.2052,
			"formattedAddress": "8424 Padberg Flats",
			"zipcode": "63836-1545",
			"city": "Uptonmouth",
			"state_long": "Virginia",
			"state_short": "NJ",
			"country_long": "Qatar",
			"country_short": "GT"
		},
		"gallery": [
			{
				"id": 98348,
				"url": "http://s3.amazonaws.com/redqteam.com/tripfinder-images/hotel-12_thumb.jpg"
			},
			{
				"id": 10832,
				"url": "http://s3.amazonaws.com/redqteam.com/tripfinder-images/hotel-13_thumb.jpg"
			},
			{
				"id": 70635,
				"url": "http://s3.amazonaws.com/redqteam.com/tripfinder-images/hotel-14_thumb.jpg"
			}
		]
	},
	{
		"id": 35137,
		"agentId": 63123,
		"title": "Small Soft Ball",
		"slug": "numquam-distinctio-eius",
		"content": "Id ea quasi magnam aspernatur omnis. Inventore possimus aut autem iure ut eum. Quia fuga hic similique voluptas officiis esse. Veritatis voluptatibus qui ut. Voluptatem enim sit assumenda rerum. Ad ut enim necessitatibus totam quia cumque asperiores laborum.",
		"status": "publish",
		"price": "245.00",
		"isNegotiable": false,
		"propertyType": "Hotel",
		"condition": "Good",
		"rating": 3.5,
		"ratingCount": 11,
		"contactNumber": "1-619-861-6069 x3877",
		"amenities": [
			{
				"id": 42547,
				"guestRoom": 7
			},
			{
				"id": 59276,
				"bedRoom": 4
			},
			{
				"id": 26908,
				"wifiAvailability": true
			},
			{
				"id": 48314,
				"parkingAvailability": false
			},
			{
				"id": 15833,
				"poolAvailability": false
			},
			{
				"id": 12431,
				"airCondition": false
			},
			{
				"id": 59575,
				"extraBedFacility": true
			}
		],
		"image": {
			"id": 91141,
			"url": "http://s3.amazonaws.com/redqteam.com/tripfinder-images/hotel-17.jpg",
			"thumb_url": "http://s3.amazonaws.com/redqteam.com/tripfinder-images/hotel-17_thumb.jpg"
		},
		"location": {
			"id": 10393,
			"lat": 40.8453,
			"lng": -76.0512,
			"formattedAddress": "43299 Murazik Extension",
			"zipcode": "87445",
			"city": "Loraineberg",
			"state_long": "Nebraska",
			"state_short": "NJ",
			"country_long": "Central African Republic",
			"country_short": "NG"
		},
		"gallery": [
			{
				"id": 99115,
				"url": "http://s3.amazonaws.com/redqteam.com/tripfinder-images/hotel-18_thumb.jpg"
			},
			{
				"id": 27188,
				"url": "http://s3.amazonaws.com/redqteam.com/tripfinder-images/hotel-19_thumb.jpg"
			},
			{
				"id": 33855,
				"url": "http://s3.amazonaws.com/redqteam.com/tripfinder-images/hotel-20_thumb.jpg"
			}
		]
	},
	{
		"id": 91552,
		"agentId": 9488,
		"title": "Incredible Wooden Ball",
		"slug": "nobis-et-et",
		"content": "Labore voluptatem laborum quod est. Nihil voluptates et praesentium quis. Culpa est ut voluptatem molestiae sint non veritatis suscipit ab. Quia accusamus laudantium aut eaque minus architecto voluptatem vero maxime. Libero minima aperiam provident rerum autem voluptatem veniam est quos.",
		"status": "draft",
		"price": "662.00",
		"isNegotiable": false,
		"propertyType": "Villa",
		"condition": "Average",
		"rating": 3.9,
		"ratingCount": 8,
		"contactNumber": "(484) 092-0621 x11827",
		"amenities": [
			{
				"id": 43134,
				"guestRoom": 3
			},
			{
				"id": 44490,
				"bedRoom": 6
			},
			{
				"id": 43432,
				"wifiAvailability": false
			},
			{
				"id": 60072,
				"parkingAvailability": false
			},
			{
				"id": 80885,
				"poolAvailability": true
			},
			{
				"id": 39788,
				"airCondition": false
			},
			{
				"id": 28924,
				"extraBedFacility": true
			}
		],
		"image": {
			"id": 14297,
			"url": "http://s3.amazonaws.com/redqteam.com/tripfinder-images/hotel-3.jpg",
			"thumb_url": "http://s3.amazonaws.com/redqteam.com/tripfinder-images/hotel-3_thumb.jpg"
		},
		"location": {
			"id": 93702,
			"lat": 40.4451,
			"lng": -79.9184,
			"formattedAddress": "73311 Freida Point",
			"zipcode": "27499-3830",
			"city": "Vincetown",
			"state_long": "Maine",
			"state_short": "PA",
			"country_long": "Belarus",
			"country_short": "BQ"
		},
		"gallery": [
			{
				"id": 35180,
				"url": "http://s3.amazonaws.com/redqteam.com/tripfinder-images/hotel-4_thumb.jpg"
			},
			{
				"id": 27573,
				"url": "http://s3.amazonaws.com/redqteam.com/tripfinder-images/hotel-5_thumb.jpg"
			},
			{
				"id": 68402,
				"url": "http://s3.amazonaws.com/redqteam.com/tripfinder-images/hotel-6_thumb.jpg"
			}
		]
	},
	{
		"id": 26601,
		"agentId": 61604,
		"title": "Handcrafted Wooden Towels",
		"slug": "eum-voluptas-tempore",
		"content": "Natus provident voluptatum quibusdam minima non officiis beatae. Nobis est architecto sequi laboriosam id maiores harum et. Quo dolores consequuntur nostrum ullam sapiente asperiores itaque dolores. Et nobis voluptatem dolores corrupti accusantium. Magni voluptas quis inventore.",
		"status": "draft",
		"price": "170.00",
		"isNegotiable": false,
		"propertyType": "Villa",
		"condition": "Average",
		"rating": 4.5,
		"ratingCount": 5,
		"contactNumber": "150.663.2821",
		"amenities": [
			{
				"id": 70472,
				"guestRoom": 6
			},
			{
				"id": 88236,
				"bedRoom": 6
			},
			{
				"id": 29649,
				"wifiAvailability": true
			},
			{
				"id": 70319,
				"parkingAvailability": true
			},
			{
				"id": 78746,
				"poolAvailability": false
			},
			{
				"id": 78269,
				"airCondition": true
			},
			{
				"id": 95269,
				"extraBedFacility": true
			}
		],
		"image": {
			"id": 22340,
			"url": "http://s3.amazonaws.com/redqteam.com/tripfinder-images/hotel-9.jpg",
			"thumb_url": "http://s3.amazonaws.com/redqteam.com/tripfinder-images/hotel-9_thumb.jpg"
		},
		"location": {
			"id": 81726,
			"lat": 44.0543,
			"lng": -71.393,
			"formattedAddress": "303 Volkman Lakes",
			"zipcode": "85094-6329",
			"city": "Lake Taylorstad",
			"state_long": "West Virginia",
			"state_short": "IA",
			"country_long": "Botswana",
			"country_short": "DO"
		},
		"gallery": [
			{
				"id": 70509,
				"url": "http://s3.amazonaws.com/redqteam.com/tripfinder-images/hotel-10_thumb.jpg"
			},
			{
				"id": 32412,
				"url": "http://s3.amazonaws.com/redqteam.com/tripfinder-images/hotel-11_thumb.jpg"
			},
			{
				"id": 12967,
				"url": "http://s3.amazonaws.com/redqteam.com/tripfinder-images/hotel-12_thumb.jpg"
			}
		]
	},
	{
		"id": 13498,
		"agentId": 52252,
		"title": "Generic Metal Shoes",
		"slug": "eligendi-ex-ut",
		"content": "Adipisci illum fugiat. Tempore est fugiat. Facere veritatis assumenda rem dolor.",
		"status": "publish",
		"price": "195.00",
		"isNegotiable": true,
		"propertyType": "Hotel",
		"condition": "Excellent",
		"rating": 5,
		"ratingCount": 8,
		"contactNumber": "492.701.7429 x567",
		"amenities": [
			{
				"id": 76686,
				"guestRoom": 6
			},
			{
				"id": 18771,
				"bedRoom": 8
			},
			{
				"id": 54155,
				"wifiAvailability": true
			},
			{
				"id": 22192,
				"parkingAvailability": true
			},
			{
				"id": 5566,
				"poolAvailability": false
			},
			{
				"id": 48604,
				"airCondition": false
			},
			{
				"id": 15424,
				"extraBedFacility": true
			}
		],
		"image": {
			"id": 60214,
			"url": "http://s3.amazonaws.com/redqteam.com/tripfinder-images/hotel-15.jpg",
			"thumb_url": "http://s3.amazonaws.com/redqteam.com/tripfinder-images/hotel-15_thumb.jpg"
		},
		"location": {
			"id": 82805,
			"lat": 43.0992,
			"lng": -78.9296,
			"formattedAddress": "368 Fadel Isle",
			"zipcode": "58291-9076",
			"city": "Kilbackland",
			"state_long": "Wisconsin",
			"state_short": "WV",
			"country_long": "Denmark",
			"country_short": "GH"
		},
		"gallery": [
			{
				"id": 7788,
				"url": "http://s3.amazonaws.com/redqteam.com/tripfinder-images/hotel-16_thumb.jpg"
			},
			{
				"id": 21707,
				"url": "http://s3.amazonaws.com/redqteam.com/tripfinder-images/hotel-17_thumb.jpg"
			},
			{
				"id": 7459,
				"url": "http://s3.amazonaws.com/redqteam.com/tripfinder-images/hotel-18_thumb.jpg"
			}
		]
	},
	{
		"id": 14892,
		"agentId": 75549,
		"title": "Small Metal Shirt",
		"slug": "ipsum-libero-in",
		"content": "Nisi expedita iste aliquid natus nulla eos. Eos officiis nihil. Error facilis sit sed reiciendis voluptatibus dolorem amet. Nobis quia ea. Ipsam enim blanditiis qui.",
		"status": "draft",
		"price": "410.00",
		"isNegotiable": true,
		"propertyType": "Hotel",
		"condition": "Poor",
		"rating": 2.5,
		"ratingCount": 11,
		"contactNumber": "1-062-144-6412 x477",
		"amenities": [
			{
				"id": 60999,
				"guestRoom": 1
			},
			{
				"id": 11328,
				"bedRoom": 6
			},
			{
				"id": 41566,
				"wifiAvailability": true
			},
			{
				"id": 27551,
				"parkingAvailability": true
			},
			{
				"id": 65154,
				"poolAvailability": false
			},
			{
				"id": 42131,
				"airCondition": false
			},
			{
				"id": 88250,
				"extraBedFacility": false
			}
		],
		"image": {
			"id": 26144,
			"url": "http://s3.amazonaws.com/redqteam.com/tripfinder-images/hotel-1.jpg",
			"thumb_url": "http://s3.amazonaws.com/redqteam.com/tripfinder-images/hotel-1_thumb.jpg"
		},
		"location": {
			"id": 84050,
			"lat": 41.1272,
			"lng": -74.4692,
			"formattedAddress": "21752 Kraig Pike",
			"zipcode": "52086-8165",
			"city": "Lake Millie",
			"state_long": "New Hampshire",
			"state_short": "MT",
			"country_long": "Liechtenstein",
			"country_short": "CW"
		},
		"gallery": [
			{
				"id": 44332,
				"url": "http://s3.amazonaws.com/redqteam.com/tripfinder-images/hotel-2_thumb.jpg"
			},
			{
				"id": 34700,
				"url": "http://s3.amazonaws.com/redqteam.com/tripfinder-images/hotel-3_thumb.jpg"
			},
			{
				"id": 99806,
				"url": "http://s3.amazonaws.com/redqteam.com/tripfinder-images/hotel-4_thumb.jpg"
			}
		]
	},
	{
		"id": 84557,
		"agentId": 1634,
		"title": "Unbranded Concrete Towels",
		"slug": "mollitia-laudantium-magnam",
		"content": "Optio sequi corrupti ullam molestias. Sequi ipsam autem et aut voluptas velit cupiditate deleniti maiores. Quo exercitationem enim harum tenetur impedit omnis velit est. Quo magnam molestias enim sit sint omnis est. Vel harum qui mollitia optio nihil cumque molestias voluptas. Nihil dolorum similique ratione nihil velit.",
		"status": "publish",
		"price": "377.00",
		"isNegotiable": true,
		"propertyType": "Villa",
		"condition": "Excellent",
		"rating": 3.9,
		"ratingCount": 5,
		"contactNumber": "(324) 731-4990 x405",
		"amenities": [
			{
				"id": 17360,
				"guestRoom": 1
			},
			{
				"id": 19945,
				"bedRoom": 2
			},
			{
				"id": 4297,
				"wifiAvailability": true
			},
			{
				"id": 77928,
				"parkingAvailability": false
			},
			{
				"id": 78700,
				"poolAvailability": true
			},
			{
				"id": 1477,
				"airCondition": false
			},
			{
				"id": 84627,
				"extraBedFacility": true
			}
		],
		"image": {
			"id": 49595,
			"url": "http://s3.amazonaws.com/redqteam.com/tripfinder-images/hotel-7.jpg",
			"thumb_url": "http://s3.amazonaws.com/redqteam.com/tripfinder-images/hotel-7_thumb.jpg"
		},
		"location": {
			"id": 74790,
			"lat": 41.0941,
			"lng": -73.81,
			"formattedAddress": "398 Sydnee Unions",
			"zipcode": "93251",
			"city": "Hahnhaven",
			"state_long": "Arizona",
			"state_short": "MN",
			"country_long": "Russian Federation",
			"country_short": "DK"
		},
		"gallery": [
			{
				"id": 58613,
				"url": "http://s3.amazonaws.com/redqteam.com/tripfinder-images/hotel-8_thumb.jpg"
			},
			{
				"id": 44236,
				"url": "http://s3.amazonaws.com/redqteam.com/tripfinder-images/hotel-9_thumb.jpg"
			},
			{
				"id": 21946,
				"url": "http://s3.amazonaws.com/redqteam.com/tripfinder-images/hotel-10_thumb.jpg"
			}
		]
	},
	{
		"id": 3897,
		"agentId": 11936,
		"title": "Incredible Cotton Hat",
		"slug": "sunt-perspiciatis-autem",
		"content": "Veritatis ea sed nulla voluptas qui itaque adipisci. Iusto laboriosam voluptatem molestiae quis. Dolorem reiciendis est.",
		"status": "publish",
		"price": "30.00",
		"isNegotiable": true,
		"propertyType": "Hotel",
		"condition": "Average",
		"rating": 1.5,
		"ratingCount": 8,
		"contactNumber": "1-086-577-2962 x19809",
		"amenities": [
			{
				"id": 48116,
				"guestRoom": 4
			},
			{
				"id": 24715,
				"bedRoom": 2
			},
			{
				"id": 69933,
				"wifiAvailability": false
			},
			{
				"id": 9822,
				"parkingAvailability": false
			},
			{
				"id": 70076,
				"poolAvailability": false
			},
			{
				"id": 261,
				"airCondition": false
			},
			{
				"id": 6100,
				"extraBedFacility": false
			}
		],
		"image": {
			"id": 1719,
			"url": "http://s3.amazonaws.com/redqteam.com/tripfinder-images/hotel-13.jpg",
			"thumb_url": "http://s3.amazonaws.com/redqteam.com/tripfinder-images/hotel-13_thumb.jpg"
		},
		"location": {
			"id": 34339,
			"lat": 40.8785,
			"lng": -72.7553,
			"formattedAddress": "95573 Jess Drive",
			"zipcode": "47683-5802",
			"city": "Halvorsonview",
			"state_long": "Georgia",
			"state_short": "ME",
			"country_long": "Togo",
			"country_short": "CC"
		},
		"gallery": [
			{
				"id": 14495,
				"url": "http://s3.amazonaws.com/redqteam.com/tripfinder-images/hotel-14_thumb.jpg"
			},
			{
				"id": 83768,
				"url": "http://s3.amazonaws.com/redqteam.com/tripfinder-images/hotel-15_thumb.jpg"
			},
			{
				"id": 57361,
				"url": "http://s3.amazonaws.com/redqteam.com/tripfinder-images/hotel-16_thumb.jpg"
			}
		]
	},
	{
		"id": 7388,
		"agentId": 4595,
		"title": "Licensed Wooden Bike",
		"slug": "cupiditate-aut-ullam",
		"content": "Quae deleniti reiciendis illo. Voluptatum debitis sed vel cupiditate qui quibusdam id sapiente. Architecto ad magnam sunt delectus in necessitatibus alias quidem.",
		"status": "draft",
		"price": "390.00",
		"isNegotiable": false,
		"propertyType": "Villa",
		"condition": "Terrible",
		"rating": 3.9,
		"ratingCount": 3,
		"contactNumber": "204.697.6994",
		"amenities": [
			{
				"id": 88544,
				"guestRoom": 8
			},
			{
				"id": 56516,
				"bedRoom": 2
			},
			{
				"id": 23819,
				"wifiAvailability": false
			},
			{
				"id": 67601,
				"parkingAvailability": false
			},
			{
				"id": 65113,
				"poolAvailability": true
			},
			{
				"id": 53269,
				"airCondition": false
			},
			{
				"id": 37509,
				"extraBedFacility": false
			}
		],
		"image": {
			"id": 66682,
			"url": "http://s3.amazonaws.com/redqteam.com/tripfinder-images/hotel-19.jpg",
			"thumb_url": "http://s3.amazonaws.com/redqteam.com/tripfinder-images/hotel-19_thumb.jpg"
		},
		"location": {
			"id": 28501,
			"lat": 39.9248,
			"lng": -75.0844,
			"formattedAddress": "257 O'Hara Glen",
			"zipcode": "51471",
			"city": "Gerardomouth",
			"state_long": "Wyoming",
			"state_short": "NJ",
			"country_long": "Guadeloupe",
			"country_short": "PK"
		},
		"gallery": [
			{
				"id": 83511,
				"url": "http://s3.amazonaws.com/redqteam.com/tripfinder-images/hotel-20_thumb.jpg"
			},
			{
				"id": 96769,
				"url": "http://s3.amazonaws.com/redqteam.com/tripfinder-images/hotel-1_thumb.jpg"
			},
			{
				"id": 71739,
				"url": "http://s3.amazonaws.com/redqteam.com/tripfinder-images/hotel-2_thumb.jpg"
			}
		]
	},
	{
		"id": 12433,
		"agentId": 39329,
		"title": "Incredible Plastic Tuna",
		"slug": "laboriosam-animi-fuga",
		"content": "Dolor eligendi veritatis aspernatur. Voluptas nihil voluptas. Cupiditate neque alias. Tempore ipsum aut autem in qui iure soluta. Molestiae et placeat similique voluptates quia quia. Sed perspiciatis praesentium tempore consectetur qui.",
		"status": "draft",
		"price": "312.00",
		"isNegotiable": false,
		"propertyType": "Villa",
		"condition": "Terrible",
		"rating": 3,
		"ratingCount": 1,
		"contactNumber": "1-860-981-4355",
		"amenities": [
			{
				"id": 2337,
				"guestRoom": 6
			},
			{
				"id": 94096,
				"bedRoom": 7
			},
			{
				"id": 39287,
				"wifiAvailability": true
			},
			{
				"id": 57957,
				"parkingAvailability": false
			},
			{
				"id": 98548,
				"poolAvailability": true
			},
			{
				"id": 12989,
				"airCondition": false
			},
			{
				"id": 66177,
				"extraBedFacility": true
			}
		],
		"image": {
			"id": 27169,
			"url": "http://s3.amazonaws.com/redqteam.com/tripfinder-images/hotel-5.jpg",
			"thumb_url": "http://s3.amazonaws.com/redqteam.com/tripfinder-images/hotel-5_thumb.jpg"
		},
		"location": {
			"id": 52689,
			"lat": 38.9234,
			"lng": -77.04,
			"formattedAddress": "3805 Hane Prairie",
			"zipcode": "04605",
			"city": "Hillsfurt",
			"state_long": "Maine",
			"state_short": "AZ",
			"country_long": "Uruguay",
			"country_short": "ZW"
		},
		"gallery": [
			{
				"id": 21583,
				"url": "http://s3.amazonaws.com/redqteam.com/tripfinder-images/hotel-6_thumb.jpg"
			},
			{
				"id": 6406,
				"url": "http://s3.amazonaws.com/redqteam.com/tripfinder-images/hotel-7_thumb.jpg"
			},
			{
				"id": 68447,
				"url": "http://s3.amazonaws.com/redqteam.com/tripfinder-images/hotel-8_thumb.jpg"
			}
		]
	},
	{
		"id": 22861,
		"agentId": 52548,
		"title": "Generic Soft Chicken",
		"slug": "est-et-aperiam",
		"content": "Fugit nostrum ea dolorum odit eius voluptas sed facere et. Deleniti temporibus neque quod deleniti veritatis neque id. Quae ipsum quidem iste consequatur sunt veniam reiciendis. Reprehenderit cum est veniam velit et. Quasi sint ipsum adipisci nesciunt et exercitationem nihil.",
		"status": "publish",
		"price": "438.00",
		"isNegotiable": true,
		"propertyType": "Hotel",
		"condition": "Poor",
		"rating": 1.5,
		"ratingCount": 1,
		"contactNumber": "545.175.4776",
		"amenities": [
			{
				"id": 59784,
				"guestRoom": 4
			},
			{
				"id": 38653,
				"bedRoom": 3
			},
			{
				"id": 58546,
				"wifiAvailability": true
			},
			{
				"id": 88866,
				"parkingAvailability": false
			},
			{
				"id": 18664,
				"poolAvailability": false
			},
			{
				"id": 44998,
				"airCondition": true
			},
			{
				"id": 53306,
				"extraBedFacility": true
			}
		],
		"image": {
			"id": 83800,
			"url": "http://s3.amazonaws.com/redqteam.com/tripfinder-images/hotel-11.jpg",
			"thumb_url": "http://s3.amazonaws.com/redqteam.com/tripfinder-images/hotel-11_thumb.jpg"
		},
		"location": {
			"id": 90805,
			"lat": 38.8208,
			"lng": -75.6997,
			"formattedAddress": "24237 Eric Court",
			"zipcode": "99131",
			"city": "Ratkehaven",
			"state_long": "Colorado",
			"state_short": "CO",
			"country_long": "Greenland",
			"country_short": "NO"
		},
		"gallery": [
			{
				"id": 42616,
				"url": "http://s3.amazonaws.com/redqteam.com/tripfinder-images/hotel-12_thumb.jpg"
			},
			{
				"id": 28382,
				"url": "http://s3.amazonaws.com/redqteam.com/tripfinder-images/hotel-13_thumb.jpg"
			},
			{
				"id": 55505,
				"url": "http://s3.amazonaws.com/redqteam.com/tripfinder-images/hotel-14_thumb.jpg"
			}
		]
	},
	{
		"id": 92902,
		"agentId": 8425,
		"title": "Handcrafted Granite Pants",
		"slug": "earum-ratione-totam",
		"content": "Nihil ut deserunt omnis reiciendis sequi totam voluptates aperiam doloribus. Repellendus harum ut qui ducimus qui qui quasi et. Odit reiciendis dolorem repellendus qui modi tenetur velit. Qui ut dicta debitis adipisci ullam veniam unde magni sint. At qui magni doloremque enim.",
		"status": "draft",
		"price": "366.00",
		"isNegotiable": true,
		"propertyType": "Villa",
		"condition": "Average",
		"rating": 3,
		"ratingCount": 15,
		"contactNumber": "(991) 901-7574 x363",
		"amenities": [
			{
				"id": 28424,
				"guestRoom": 7
			},
			{
				"id": 81380,
				"bedRoom": 8
			},
			{
				"id": 40428,
				"wifiAvailability": true
			},
			{
				"id": 55025,
				"parkingAvailability": false
			},
			{
				"id": 47543,
				"poolAvailability": false
			},
			{
				"id": 61874,
				"airCondition": true
			},
			{
				"id": 99023,
				"extraBedFacility": false
			}
		],
		"image": {
			"id": 81248,
			"url": "http://s3.amazonaws.com/redqteam.com/tripfinder-images/hotel-18.jpg",
			"thumb_url": "http://s3.amazonaws.com/redqteam.com/tripfinder-images/hotel-18_thumb.jpg"
		},
		"location": {
			"id": 56947,
			"lat": 40.7788,
			"lng": -76.9741,
			"formattedAddress": "1190 Pagac Port",
			"zipcode": "21660",
			"city": "Lake Nayeli",
			"state_long": "South Dakota",
			"state_short": "PA",
			"country_long": "Maldives",
			"country_short": "AO"
		},
		"gallery": [
			{
				"id": 43904,
				"url": "http://s3.amazonaws.com/redqteam.com/tripfinder-images/hotel-17_thumb.jpg"
			},
			{
				"id": 37243,
				"url": "http://s3.amazonaws.com/redqteam.com/tripfinder-images/hotel-20_thumb.jpg"
			},
			{
				"id": 76234,
				"url": "http://s3.amazonaws.com/redqteam.com/tripfinder-images/hotel-19_thumb.jpg"
			}
		]
	},
	{
		"id": 9260,
		"agentId": 37953,
		"title": "Small Granite Mouse",
		"slug": "qui-quis-inventore",
		"content": "Delectus quia est qui consectetur. Animi delectus facere saepe. Iste voluptas id saepe minus. Et non vero nesciunt nihil. Consequuntur neque dolor atque ad.",
		"status": "publish",
		"price": "753.00",
		"isNegotiable": false,
		"propertyType": "Villa",
		"condition": "Excellent",
		"rating": 1.5,
		"ratingCount": 16,
		"contactNumber": "085.885.4390",
		"amenities": [
			{
				"id": 87416,
				"guestRoom": 1
			},
			{
				"id": 72517,
				"bedRoom": 7
			},
			{
				"id": 93112,
				"wifiAvailability": true
			},
			{
				"id": 9762,
				"parkingAvailability": false
			},
			{
				"id": 45416,
				"poolAvailability": false
			},
			{
				"id": 95584,
				"airCondition": false
			},
			{
				"id": 71043,
				"extraBedFacility": true
			}
		],
		"image": {
			"id": 37089,
			"url": "http://s3.amazonaws.com/redqteam.com/tripfinder-images/hotel-2.jpg",
			"thumb_url": "http://s3.amazonaws.com/redqteam.com/tripfinder-images/hotel-2_thumb.jpg"
		},
		"location": {
			"id": 72441,
			"lat": 39.1283,
			"lng": -76.8862,
			"formattedAddress": "46501 Emmanuelle Green",
			"zipcode": "94258",
			"city": "Hoegerview",
			"state_long": "Washington",
			"state_short": "AR",
			"country_long": "Congo",
			"country_short": "PM"
		},
		"gallery": [
			{
				"id": 22071,
				"url": "http://s3.amazonaws.com/redqteam.com/tripfinder-images/hotel-4_thumb.jpg"
			},
			{
				"id": 41217,
				"url": "http://s3.amazonaws.com/redqteam.com/tripfinder-images/hotel-3_thumb.jpg"
			},
			{
				"id": 9590,
				"url": "http://s3.amazonaws.com/redqteam.com/tripfinder-images/hotel-6_thumb.jpg"
			}
		]
	},
	{
		"id": 84153,
		"agentId": 7896,
		"title": "Unbranded Soft Chips",
		"slug": "aspernatur-perferendis-illo",
		"content": "Suscipit totam ut odit quas tempore. Voluptatibus enim quas voluptatem esse iste animi illo. Sit saepe temporibus inventore soluta eos vel dolores voluptatem voluptas. Saepe quaerat qui suscipit non excepturi ut. Alias qui impedit.",
		"status": "draft",
		"price": "204.00",
		"isNegotiable": false,
		"propertyType": "Hotel",
		"condition": "Average",
		"rating": 4.76,
		"ratingCount": 11,
		"contactNumber": "1-681-944-4017",
		"amenities": [
			{
				"id": 89101,
				"guestRoom": 1
			},
			{
				"id": 74944,
				"bedRoom": 8
			},
			{
				"id": 64241,
				"wifiAvailability": false
			},
			{
				"id": 52956,
				"parkingAvailability": true
			},
			{
				"id": 41424,
				"poolAvailability": true
			},
			{
				"id": 47176,
				"airCondition": false
			},
			{
				"id": 45787,
				"extraBedFacility": true
			}
		],
		"image": {
			"id": 80393,
			"url": "http://s3.amazonaws.com/redqteam.com/tripfinder-images/hotel-9.jpg",
			"thumb_url": "http://s3.amazonaws.com/redqteam.com/tripfinder-images/hotel-9_thumb.jpg"
		},
		"location": {
			"id": 34290,
			"lat": 39.6039,
			"lng": -75.0625,
			"formattedAddress": "91285 Ashton Viaduct",
			"zipcode": "24865-7797",
			"city": "Dickinsonton",
			"state_long": "Illinois",
			"state_short": "OR",
			"country_long": "Madagascar",
			"country_short": "DZ"
		},
		"gallery": [
			{
				"id": 37128,
				"url": "http://s3.amazonaws.com/redqteam.com/tripfinder-images/hotel-10_thumb.jpg"
			},
			{
				"id": 58920,
				"url": "http://s3.amazonaws.com/redqteam.com/tripfinder-images/hotel-11_thumb.jpg"
			},
			{
				"id": 54862,
				"url": "http://s3.amazonaws.com/redqteam.com/tripfinder-images/hotel-12_thumb.jpg"
			}
		]
	},
	{
		"id": 53490,
		"agentId": 29682,
		"title": "Handcrafted Soft Bike",
		"slug": "animi-voluptas-quibusdam",
		"content": "Non aliquid laboriosam incidunt earum cupiditate et. Est tempora non at ipsam illo. Velit necessitatibus aliquam at et exercitationem minus veritatis.",
		"status": "publish",
		"price": "648.00",
		"isNegotiable": true,
		"propertyType": "Hotel",
		"condition": "Good",
		"rating": 3.9,
		"ratingCount": 7,
		"contactNumber": "791-143-5502",
		"amenities": [
			{
				"id": 66321,
				"guestRoom": 4
			},
			{
				"id": 15785,
				"bedRoom": 2
			},
			{
				"id": 78370,
				"wifiAvailability": false
			},
			{
				"id": 28568,
				"parkingAvailability": false
			},
			{
				"id": 56665,
				"poolAvailability": false
			},
			{
				"id": 54270,
				"airCondition": true
			},
			{
				"id": 92396,
				"extraBedFacility": true
			}
		],
		"image": {
			"id": 31814,
			"url": "http://s3.amazonaws.com/redqteam.com/tripfinder-images/hotel-15.jpg",
			"thumb_url": "http://s3.amazonaws.com/redqteam.com/tripfinder-images/hotel-15_thumb.jpg"
		},
		"location": {
			"id": 45327,
			"lat": 40.0595,
			"lng": -76.26,
			"formattedAddress": "034 Carson Manors",
			"zipcode": "94526",
			"city": "West Madisenborough",
			"state_long": "Maine",
			"state_short": "AL",
			"country_long": "Pitcairn Islands",
			"country_short": "GR"
		},
		"gallery": [
			{
				"id": 86126,
				"url": "http://s3.amazonaws.com/redqteam.com/tripfinder-images/hotel-18_thumb.jpg"
			},
			{
				"id": 37165,
				"url": "http://s3.amazonaws.com/redqteam.com/tripfinder-images/hotel-17_thumb.jpg"
			},
			{
				"id": 39914,
				"url": "http://s3.amazonaws.com/redqteam.com/tripfinder-images/hotel-16_thumb.jpg"
			}
		]
	},
	{
		"id": 26944,
		"agentId": 42889,
		"title": "Sleek Metal Ball",
		"slug": "ratione-rerum-labore",
		"content": "Illo cupiditate temporibus modi dolores voluptatem. In blanditiis voluptas quia. Odit animi totam est autem est. Velit voluptatem aperiam incidunt dolores. Quia dolore minus et nesciunt ut. Dicta voluptas laudantium et placeat maiores sint natus omnis.",
		"status": "publish",
		"price": "648.00",
		"isNegotiable": true,
		"propertyType": "Villa",
		"condition": "Poor",
		"rating": 3.9,
		"ratingCount": 2,
		"contactNumber": "192.393.3977 x77767",
		"amenities": [
			{
				"id": 30765,
				"guestRoom": 5
			},
			{
				"id": 50946,
				"bedRoom": 4
			},
			{
				"id": 86998,
				"wifiAvailability": true
			},
			{
				"id": 40117,
				"parkingAvailability": true
			},
			{
				"id": 5879,
				"poolAvailability": true
			},
			{
				"id": 15269,
				"airCondition": false
			},
			{
				"id": 14320,
				"extraBedFacility": false
			}
		],
		"image": {
			"id": 24561,
			"url": "http://s3.amazonaws.com/redqteam.com/tripfinder-images/hotel-1.jpg",
			"thumb_url": "http://s3.amazonaws.com/redqteam.com/tripfinder-images/hotel-1_thumb.jpg"
		},
		"location": {
			"id": 28783,
			"lat": 39.9922,
			"lng": -76.8972,
			"formattedAddress": "28699 Dee Islands",
			"zipcode": "41437",
			"city": "Melanymouth",
			"state_long": "Minnesota",
			"state_short": "NV",
			"country_long": "Paraguay",
			"country_short": "LA"
		},
		"gallery": [
			{
				"id": 54880,
				"url": "http://s3.amazonaws.com/redqteam.com/tripfinder-images/hotel-2_thumb.jpg"
			},
			{
				"id": 25028,
				"url": "http://s3.amazonaws.com/redqteam.com/tripfinder-images/hotel-3_thumb.jpg"
			},
			{
				"id": 96290,
				"url": "http://s3.amazonaws.com/redqteam.com/tripfinder-images/hotel-4_thumb.jpg"
			}
		]
	},
	{
		"id": 73823,
		"agentId": 42648,
		"title": "Handmade Steel Shoes",
		"slug": "et-molestiae-incidunt",
		"content": "Ab est qui nobis accusamus qui cum enim. Sapiente nulla et nostrum autem molestiae. Maiores sed vitae aliquid id debitis nam ut incidunt. Et et itaque reprehenderit.",
		"status": "draft",
		"price": "985.00",
		"isNegotiable": false,
		"propertyType": "Villa",
		"condition": "Poor",
		"rating": 3.5,
		"ratingCount": 5,
		"contactNumber": "1-134-303-1680",
		"amenities": [
			{
				"id": 26028,
				"guestRoom": 4
			},
			{
				"id": 81032,
				"bedRoom": 8
			},
			{
				"id": 63523,
				"wifiAvailability": false
			},
			{
				"id": 83940,
				"parkingAvailability": true
			},
			{
				"id": 71516,
				"poolAvailability": true
			},
			{
				"id": 18992,
				"airCondition": false
			},
			{
				"id": 11994,
				"extraBedFacility": false
			}
		],
		"image": {
			"id": 38980,
			"url": "http://s3.amazonaws.com/redqteam.com/tripfinder-images/hotel-1.jpg",
			"thumb_url": "http://s3.amazonaws.com/redqteam.com/tripfinder-images/hotel-1_thumb.jpg"
		},
		"location": {
			"id": 81797,
			"lat": 40.8038,
			"lng": -75.4909,
			"formattedAddress": "7275 Howard Motorway",
			"zipcode": "57137-8607",
			"city": "New Dillan",
			"state_long": "Nevada",
			"state_short": "IN",
			"country_long": "Belize",
			"country_short": "NA"
		},
		"gallery": [
			{
				"id": 17331,
				"url": "http://s3.amazonaws.com/redqteam.com/tripfinder-images/hotel-9_thumb.jpg"
			},
			{
				"id": 50400,
				"url": "http://s3.amazonaws.com/redqteam.com/tripfinder-images/hotel-7_thumb.jpg"
			},
			{
				"id": 33563,
				"url": "http://s3.amazonaws.com/redqteam.com/tripfinder-images/hotel-8_thumb.jpg"
			}
		]
	},
	{
		"id": 32622,
		"agentId": 32123,
		"title": "Handcrafted Plastic Car",
		"slug": "vero-placeat-natus",
		"content": "Voluptas quia necessitatibus non. Unde qui nesciunt debitis. Sapiente sed ducimus minima. Laboriosam fugit voluptates est voluptatem saepe eos alias. Amet debitis molestiae ipsum consequatur consequatur.",
		"status": "publish",
		"price": "487.00",
		"isNegotiable": true,
		"propertyType": "Hotel",
		"condition": "Good",
		"rating": 2.8,
		"ratingCount": 7,
		"contactNumber": "(084) 342-1730",
		"amenities": [
			{
				"id": 34629,
				"guestRoom": 2
			},
			{
				"id": 58910,
				"bedRoom": 6
			},
			{
				"id": 71966,
				"wifiAvailability": true
			},
			{
				"id": 39413,
				"parkingAvailability": false
			},
			{
				"id": 17641,
				"poolAvailability": true
			},
			{
				"id": 47901,
				"airCondition": false
			},
			{
				"id": 81257,
				"extraBedFacility": false
			}
		],
		"image": {
			"id": 31963,
			"url": "http://s3.amazonaws.com/redqteam.com/tripfinder-images/hotel-12.jpg",
			"thumb_url": "http://s3.amazonaws.com/redqteam.com/tripfinder-images/hotel-12_thumb.jpg"
		},
		"location": {
			"id": 28469,
			"lat": 40.5204,
			"lng": -74.579,
			"formattedAddress": "9700 Katherine Valleys",
			"zipcode": "10995",
			"city": "Lake Halleville",
			"state_long": "Louisiana",
			"state_short": "OK",
			"country_long": "Jamaica",
			"country_short": "MH"
		},
		"gallery": [
			{
				"id": 35339,
				"url": "http://s3.amazonaws.com/redqteam.com/tripfinder-images/hotel-13_thumb.jpg"
			},
			{
				"id": 53877,
				"url": "http://s3.amazonaws.com/redqteam.com/tripfinder-images/hotel-14_thumb.jpg"
			},
			{
				"id": 20301,
				"url": "http://s3.amazonaws.com/redqteam.com/tripfinder-images/hotel-15_thumb.jpg"
			}
		]
	},
	{
		"id": 75352,
		"agentId": 40605,
		"title": "Sleek Rubber Bike",
		"slug": "sequi-eveniet-molestiae",
		"content": "Itaque non omnis amet sunt enim. Ut repellat aperiam atque veniam vel eligendi quod. Rerum praesentium praesentium omnis. Laboriosam ut ut consequatur doloribus tenetur nemo temporibus. Aliquam ratione magni accusamus doloremque et aut consequuntur molestias. Sit ad qui iure voluptas.",
		"status": "draft",
		"price": "146.00",
		"isNegotiable": true,
		"propertyType": "Villa",
		"condition": "Poor",
		"rating": 2,
		"ratingCount": 7,
		"contactNumber": "1-901-525-8678 x342",
		"amenities": [
			{
				"id": 37623,
				"guestRoom": 5
			},
			{
				"id": 56001,
				"bedRoom": 3
			},
			{
				"id": 51652,
				"wifiAvailability": false
			},
			{
				"id": 68103,
				"parkingAvailability": true
			},
			{
				"id": 52490,
				"poolAvailability": true
			},
			{
				"id": 55765,
				"airCondition": true
			},
			{
				"id": 75555,
				"extraBedFacility": false
			}
		],
		"image": {
			"id": 93284,
			"url": "http://s3.amazonaws.com/redqteam.com/tripfinder-images/hotel-18.jpg",
			"thumb_url": "http://s3.amazonaws.com/redqteam.com/tripfinder-images/hotel-18_thumb.jpg"
		},
		"location": {
			"id": 63338,
			"lat": 39.908,
			"lng": -75.4579,
			"formattedAddress": "0736 Geovany Island",
			"zipcode": "76089",
			"city": "Rodrickborough",
			"state_long": "Nevada",
			"state_short": "CO",
			"country_long": "Australia",
			"country_short": "PK"
		},
		"gallery": [
			{
				"id": 54753,
				"url": "http://s3.amazonaws.com/redqteam.com/tripfinder-images/hotel-19_thumb.jpg"
			},
			{
				"id": 22077,
				"url": "http://s3.amazonaws.com/redqteam.com/tripfinder-images/hotel-20_thumb.jpg"
			},
			{
				"id": 36516,
				"url": "http://s3.amazonaws.com/redqteam.com/tripfinder-images/hotel-1_thumb.jpg"
			}
		]
	},
	{
		"id": 3999,
		"agentId": 11844,
		"title": "Awesome Cotton Towels",
		"slug": "libero-ut-rerum",
		"content": "Temporibus omnis et non rerum voluptatem laborum alias. Placeat quis natus laborum nulla quas molestias porro ut rerum. Recusandae molestias quo.",
		"status": "draft",
		"price": "114.00",
		"isNegotiable": false,
		"propertyType": "Villa",
		"condition": "Terrible",
		"rating": 1.5,
		"ratingCount": 4,
		"contactNumber": "(136) 240-7715 x117",
		"amenities": [
			{
				"id": 86550,
				"guestRoom": 7
			},
			{
				"id": 93827,
				"bedRoom": 8
			},
			{
				"id": 88450,
				"wifiAvailability": false
			},
			{
				"id": 83016,
				"parkingAvailability": true
			},
			{
				"id": 4587,
				"poolAvailability": true
			},
			{
				"id": 7039,
				"airCondition": false
			},
			{
				"id": 28317,
				"extraBedFacility": true
			}
		],
		"image": {
			"id": 99362,
			"url": "http://s3.amazonaws.com/redqteam.com/tripfinder-images/hotel-4.jpg",
			"thumb_url": "http://s3.amazonaws.com/redqteam.com/tripfinder-images/hotel-4_thumb.jpg"
		},
		"location": {
			"id": 2732,
			"lat": 39.1879,
			"lng": -76.4796,
			"formattedAddress": "514 Orlo Burg",
			"zipcode": "63475-0602",
			"city": "Bergstromshire",
			"state_long": "Missouri",
			"state_short": "DE",
			"country_long": "Israel",
			"country_short": "SO"
		},
		"gallery": [
			{
				"id": 20976,
				"url": "http://s3.amazonaws.com/redqteam.com/tripfinder-images/hotel-5_thumb.jpg"
			},
			{
				"id": 67759,
				"url": "http://s3.amazonaws.com/redqteam.com/tripfinder-images/hotel-6_thumb.jpg"
			},
			{
				"id": 14429,
				"url": "http://s3.amazonaws.com/redqteam.com/tripfinder-images/hotel-7_thumb.jpg"
			}
		]
	},
	{
		"id": 36927,
		"agentId": 61293,
		"title": "Practical Fresh Hat",
		"slug": "praesentium-qui-quisquam",
		"content": "Accusamus quo nihil quidem molestias. Voluptatem ipsum quia consequatur quam perferendis dolor nemo. Molestias quis eligendi et animi autem ipsum natus. Aut repudiandae enim dolor distinctio veniam et. Est itaque veritatis voluptatem voluptate facere officia.",
		"status": "publish",
		"price": "180.00",
		"isNegotiable": true,
		"propertyType": "Hotel",
		"condition": "Average",
		"rating": 4.5,
		"ratingCount": 12,
		"contactNumber": "1-087-215-2532",
		"amenities": [
			{
				"id": 28385,
				"guestRoom": 2
			},
			{
				"id": 38789,
				"bedRoom": 5
			},
			{
				"id": 42931,
				"wifiAvailability": false
			},
			{
				"id": 32497,
				"parkingAvailability": false
			},
			{
				"id": 6035,
				"poolAvailability": true
			},
			{
				"id": 43651,
				"airCondition": false
			},
			{
				"id": 89225,
				"extraBedFacility": true
			}
		],
		"image": {
			"id": 60881,
			"url": "http://s3.amazonaws.com/redqteam.com/tripfinder-images/hotel-10.jpg",
			"thumb_url": "http://s3.amazonaws.com/redqteam.com/tripfinder-images/hotel-10_thumb.jpg"
		},
		"location": {
			"id": 22316,
			"lat": 39.8995,
			"lng": -75.7106,
			"formattedAddress": "869 Senger Unions",
			"zipcode": "63059-0222",
			"city": "East Oran",
			"state_long": "Georgia",
			"state_short": "FL",
			"country_long": "Zambia",
			"country_short": "JO"
		},
		"gallery": [
			{
				"id": 13299,
				"url": "http://s3.amazonaws.com/redqteam.com/tripfinder-images/hotel-11_thumb.jpg"
			},
			{
				"id": 8343,
				"url": "http://s3.amazonaws.com/redqteam.com/tripfinder-images/hotel-12_thumb.jpg"
			},
			{
				"id": 75745,
				"url": "http://s3.amazonaws.com/redqteam.com/tripfinder-images/hotel-13_thumb.jpg"
			}
		]
	},
	{
		"id": 71089,
		"agentId": 53702,
		"title": "Practical Granite Table",
		"slug": "aliquid-tempora-quia",
		"content": "Vel ducimus expedita sunt minus et blanditiis. Incidunt ipsum nostrum nihil incidunt sed neque adipisci. Labore amet laudantium corrupti sunt. Ut nostrum maxime ut ut. Est aspernatur assumenda quia similique temporibus fugiat et maiores.",
		"status": "publish",
		"price": "137.00",
		"isNegotiable": true,
		"propertyType": "Villa",
		"condition": "Poor",
		"rating": 4.5,
		"ratingCount": 8,
		"contactNumber": "(214) 001-8915 x41129",
		"amenities": [
			{
				"id": 54608,
				"guestRoom": 2
			},
			{
				"id": 2454,
				"bedRoom": 1
			},
			{
				"id": 72307,
				"wifiAvailability": false
			},
			{
				"id": 59939,
				"parkingAvailability": true
			},
			{
				"id": 47172,
				"poolAvailability": true
			},
			{
				"id": 63619,
				"airCondition": false
			},
			{
				"id": 28969,
				"extraBedFacility": true
			}
		],
		"image": {
			"id": 59346,
			"url": "http://s3.amazonaws.com/redqteam.com/tripfinder-images/hotel-16.jpg",
			"thumb_url": "http://s3.amazonaws.com/redqteam.com/tripfinder-images/hotel-16_thumb.jpg"
		},
		"location": {
			"id": 51227,
			"lat": 40.1603,
			"lng": -74.3153,
			"formattedAddress": "105 Cristina Land",
			"zipcode": "50304-4290",
			"city": "VonRuedenhaven",
			"state_long": "Pennsylvania",
			"state_short": "AK",
			"country_long": "Solomon Islands",
			"country_short": "NO"
		},
		"gallery": [
			{
				"id": 36812,
				"url": "http://s3.amazonaws.com/redqteam.com/tripfinder-images/hotel-17_thumb.jpg"
			},
			{
				"id": 54332,
				"url": "http://s3.amazonaws.com/redqteam.com/tripfinder-images/hotel-18_thumb.jpg"
			},
			{
				"id": 94838,
				"url": "http://s3.amazonaws.com/redqteam.com/tripfinder-images/hotel-19_thumb.jpg"
			}
		]
	},
	{
		"id": 12292,
		"agentId": 22043,
		"title": "Handcrafted Steel Soap",
		"slug": "excepturi-molestiae-laborum",
		"content": "Ullam non ex quaerat ratione aut esse sint ut. Repudiandae nostrum dignissimos magni repellendus molestiae beatae ea. Tempora omnis qui labore quis non ut quo vel dicta. Quia vitae itaque eligendi est rem enim.",
		"status": "draft",
		"price": "122.00",
		"isNegotiable": true,
		"propertyType": "Hotel",
		"condition": "Excellent",
		"rating": 4.76,
		"ratingCount": 2,
		"contactNumber": "(113) 265-9433",
		"amenities": [
			{
				"id": 27310,
				"guestRoom": 3
			},
			{
				"id": 20293,
				"bedRoom": 8
			},
			{
				"id": 64634,
				"wifiAvailability": true
			},
			{
				"id": 34661,
				"parkingAvailability": false
			},
			{
				"id": 67460,
				"poolAvailability": false
			},
			{
				"id": 49784,
				"airCondition": true
			},
			{
				"id": 31023,
				"extraBedFacility": true
			}
		],
		"image": {
			"id": 18787,
			"url": "http://s3.amazonaws.com/redqteam.com/tripfinder-images/hotel-2.jpg",
			"thumb_url": "http://s3.amazonaws.com/redqteam.com/tripfinder-images/hotel-2_thumb.jpg"
		},
		"location": {
			"id": 84971,
			"lat": 41.5151,
			"lng": -74.9086,
			"formattedAddress": "916 Robert Run",
			"zipcode": "58388-5924",
			"city": "North Krisville",
			"state_long": "Arizona",
			"state_short": "HI",
			"country_long": "Albania",
			"country_short": "SH"
		},
		"gallery": [
			{
				"id": 83227,
				"url": "http://s3.amazonaws.com/redqteam.com/tripfinder-images/hotel-16_thumb.jpg"
			},
			{
				"id": 2954,
				"url": "http://s3.amazonaws.com/redqteam.com/tripfinder-images/hotel-15_thumb.jpg"
			},
			{
				"id": 47260,
				"url": "http://s3.amazonaws.com/redqteam.com/tripfinder-images/hotel-14_thumb.jpg"
			}
		]
	},
	{
		"id": 21979,
		"agentId": 24632,
		"title": "Gorgeous Concrete Hat",
		"slug": "illo-ducimus-impedit",
		"content": "Qui libero iusto eos. Omnis sint doloremque voluptatum ut nihil dolorem ratione. Numquam sit qui est velit. Sed voluptatem aspernatur quia non. Consequatur provident sed soluta nesciunt. Et aut aliquam eligendi quo facere.",
		"status": "publish",
		"price": "704.00",
		"isNegotiable": false,
		"propertyType": "Villa",
		"condition": "Excellent",
		"rating": 3.5,
		"ratingCount": 12,
		"contactNumber": "370-803-2710",
		"amenities": [
			{
				"id": 61353,
				"guestRoom": 4
			},
			{
				"id": 3635,
				"bedRoom": 5
			},
			{
				"id": 55539,
				"wifiAvailability": false
			},
			{
				"id": 87554,
				"parkingAvailability": false
			},
			{
				"id": 97175,
				"poolAvailability": false
			},
			{
				"id": 88366,
				"airCondition": true
			},
			{
				"id": 72968,
				"extraBedFacility": true
			}
		],
		"image": {
			"id": 27005,
			"url": "http://s3.amazonaws.com/redqteam.com/tripfinder-images/hotel-11.jpg",
			"thumb_url": "http://s3.amazonaws.com/redqteam.com/tripfinder-images/hotel-11_thumb.jpg"
		},
		"location": {
			"id": 28607,
			"lat": 42.5514,
			"lng": -72.3927,
			"formattedAddress": "349 Karen Fields",
			"zipcode": "08990",
			"city": "New Damian",
			"state_long": "Minnesota",
			"state_short": "NC",
			"country_long": "Pitcairn Islands",
			"country_short": "JE"
		},
		"gallery": [
			{
				"id": 91812,
				"url": "http://s3.amazonaws.com/redqteam.com/tripfinder-images/hotel-10_thumb.jpg"
			},
			{
				"id": 84346,
				"url": "http://s3.amazonaws.com/redqteam.com/tripfinder-images/hotel-9_thumb.jpg"
			},
			{
				"id": 24219,
				"url": "http://s3.amazonaws.com/redqteam.com/tripfinder-images/hotel-8_thumb.jpg"
			}
		]
	},
	{
		"id": 45326,
		"agentId": 22162,
		"title": "Handcrafted Steel Shoes",
		"slug": "omnis-voluptate-commodi",
		"content": "Commodi nobis beatae sunt in. Neque qui iure et ratione et blanditiis commodi veritatis. Maxime dignissimos ipsam nemo nihil necessitatibus nihil.",
		"status": "draft",
		"price": "450.00",
		"isNegotiable": false,
		"propertyType": "Hotel",
		"condition": "Good",
		"rating": 3.5,
		"ratingCount": 10,
		"contactNumber": "1-981-151-6140 x486",
		"amenities": [
			{
				"id": 42442,
				"guestRoom": 6
			},
			{
				"id": 45487,
				"bedRoom": 1
			},
			{
				"id": 45095,
				"wifiAvailability": true
			},
			{
				"id": 94207,
				"parkingAvailability": false
			},
			{
				"id": 17551,
				"poolAvailability": false
			},
			{
				"id": 77139,
				"airCondition": true
			},
			{
				"id": 34355,
				"extraBedFacility": false
			}
		],
		"image": {
			"id": 37482,
			"url": "http://s3.amazonaws.com/redqteam.com/tripfinder-images/hotel-5.jpg",
			"thumb_url": "http://s3.amazonaws.com/redqteam.com/tripfinder-images/hotel-5_thumb.jpg"
		},
		"location": {
			"id": 49740,
			"lat": 42.1047,
			"lng": -72.5795,
			"formattedAddress": "6319 Abdiel Terrace",
			"zipcode": "84657",
			"city": "East Bettye",
			"state_long": "Wyoming",
			"state_short": "CO",
			"country_long": "Malaysia",
			"country_short": "AI"
		},
		"gallery": [
			{
				"id": 30918,
				"url": "http://s3.amazonaws.com/redqteam.com/tripfinder-images/hotel-4_thumb.jpg"
			},
			{
				"id": 44282,
				"url": "http://s3.amazonaws.com/redqteam.com/tripfinder-images/hotel-3_thumb.jpg"
			},
			{
				"id": 34623,
				"url": "http://s3.amazonaws.com/redqteam.com/tripfinder-images/hotel-3_thumb.jpg"
			}
		]
	},
	{
		"id": 51531,
		"agentId": 34725,
		"title": "Fantastic Rubber Shoes",
		"slug": "repellendus-ducimus-quia",
		"content": "At animi cumque voluptatem consequatur omnis blanditiis. Enim ab voluptas rem. Earum libero id iure molestiae minima tempora qui non quis.",
		"status": "draft",
		"price": "228.00",
		"isNegotiable": false,
		"propertyType": "Hotel",
		"condition": "Good",
		"rating": 4.76,
		"ratingCount": 16,
		"contactNumber": "1-408-220-2037",
		"amenities": [
			{
				"id": 645,
				"guestRoom": 4
			},
			{
				"id": 95725,
				"bedRoom": 6
			},
			{
				"id": 54608,
				"wifiAvailability": false
			},
			{
				"id": 43180,
				"parkingAvailability": true
			},
			{
				"id": 5817,
				"poolAvailability": true
			},
			{
				"id": 12371,
				"airCondition": false
			},
			{
				"id": 25227,
				"extraBedFacility": true
			}
		],
		"image": {
			"id": 35709,
			"url": "http://s3.amazonaws.com/redqteam.com/tripfinder-images/hotel-20.jpg",
			"thumb_url": "http://s3.amazonaws.com/redqteam.com/tripfinder-images/hotel-20_thumb.jpg"
		},
		"location": {
			"id": 76980,
			"lat": 43.011,
			"lng": -73.9528,
			"formattedAddress": "755 Pagac Creek",
			"zipcode": "45834-5086",
			"city": "Wildermanfurt",
			"state_long": "Wyoming",
			"state_short": "AK",
			"country_long": "Tunisia",
			"country_short": "KE"
		},
		"gallery": [
			{
				"id": 54872,
				"url": "http://s3.amazonaws.com/redqteam.com/tripfinder-images/hotel-19_thumb.jpg"
			},
			{
				"id": 25257,
				"url": "http://s3.amazonaws.com/redqteam.com/tripfinder-images/hotel-18_thumb.jpg"
			},
			{
				"id": 65352,
				"url": "http://s3.amazonaws.com/redqteam.com/tripfinder-images/hotel-17_thumb.jpg"
			}
		]
	},
	{
		"id": 85724,
		"agentId": 88492,
		"title": "Awesome Metal Pizza",
		"slug": "est-error-quaerat",
		"content": "Dolores distinctio voluptatibus libero est excepturi adipisci debitis vel est. Ipsam dolor omnis qui nihil odio occaecati. Aut iure temporibus delectus praesentium doloribus consequuntur. Eaque saepe labore blanditiis. Perspiciatis dolores beatae quis nulla quibusdam temporibus libero. Cupiditate nobis adipisci beatae voluptas dolores voluptatem id esse.",
		"status": "draft",
		"price": "630.00",
		"isNegotiable": false,
		"propertyType": "Hotel",
		"condition": "Good",
		"rating": 5,
		"ratingCount": 10,
		"contactNumber": "(387) 420-5208 x3721",
		"amenities": [
			{
				"id": 60158,
				"guestRoom": 1
			},
			{
				"id": 33653,
				"bedRoom": 5
			},
			{
				"id": 34680,
				"wifiAvailability": false
			},
			{
				"id": 35699,
				"parkingAvailability": false
			},
			{
				"id": 41970,
				"poolAvailability": true
			},
			{
				"id": 22843,
				"airCondition": false
			},
			{
				"id": 28974,
				"extraBedFacility": true
			}
		],
		"image": {
			"id": 80766,
			"url": "http://s3.amazonaws.com/redqteam.com/tripfinder-images/hotel-14.jpg",
			"thumb_url": "http://s3.amazonaws.com/redqteam.com/tripfinder-images/hotel-14_thumb.jpg"
		},
		"location": {
			"id": 94428,
			"lat": 42.7534,
			"lng": -75.8205,
			"formattedAddress": "1446 Weissnat Station",
			"zipcode": "76861-4936",
			"city": "Effertzfurt",
			"state_long": "Missouri",
			"state_short": "TX",
			"country_long": "Pakistan",
			"country_short": "CY"
		},
		"gallery": [
			{
				"id": 83707,
				"url": "http://s3.amazonaws.com/redqteam.com/tripfinder-images/hotel-13_thumb.jpg"
			},
			{
				"id": 28977,
				"url": "http://s3.amazonaws.com/redqteam.com/tripfinder-images/hotel-12_thumb.jpg"
			},
			{
				"id": 26821,
				"url": "http://s3.amazonaws.com/redqteam.com/tripfinder-images/hotel-11_thumb.jpg"
			}
		]
	},
	{
		"id": 87219,
		"agentId": 6401,
		"title": "Small Steel Computer",
		"slug": "velit-voluptate-eum",
		"content": "Nihil tenetur reprehenderit modi molestiae ipsum. Est quaerat aspernatur fuga nihil et quam molestiae. Asperiores possimus rerum quidem.",
		"status": "draft",
		"price": "983.00",
		"isNegotiable": false,
		"propertyType": "Villa",
		"condition": "Poor",
		"rating": 4,
		"ratingCount": 2,
		"contactNumber": "892.979.0945 x548",
		"amenities": [
			{
				"id": 52584,
				"guestRoom": 3
			},
			{
				"id": 79797,
				"bedRoom": 8
			},
			{
				"id": 2023,
				"wifiAvailability": false
			},
			{
				"id": 68701,
				"parkingAvailability": true
			},
			{
				"id": 51405,
				"poolAvailability": false
			},
			{
				"id": 80647,
				"airCondition": false
			},
			{
				"id": 91508,
				"extraBedFacility": true
			}
		],
		"image": {
			"id": 76016,
			"url": "http://s3.amazonaws.com/redqteam.com/tripfinder-images/hotel-8_thumb.jpg",
			"thumb_url": "http://s3.amazonaws.com/redqteam.com/tripfinder-images/hotel-8_thumb.jpg"
		},
		"location": {
			"id": 60469,
			"lat": 43.3395,
			"lng": -73.9199,
			"formattedAddress": "9225 Robert Shoals",
			"zipcode": "60974-8729",
			"city": "Smithchester",
			"state_long": "Oregon",
			"state_short": "VT",
			"country_long": "Andorra",
			"country_short": "AU"
		},
		"gallery": [
			{
				"id": 44655,
				"url": "http://s3.amazonaws.com/redqteam.com/tripfinder-images/hotel-7_thumb.jpg"
			},
			{
				"id": 39401,
				"url": "http://s3.amazonaws.com/redqteam.com/tripfinder-images/hotel-6_thumb.jpg"
			},
			{
				"id": 4174,
				"url": "http://s3.amazonaws.com/redqteam.com/tripfinder-images/hotel-5_thumb.jpg"
			}
		]
	},
	{
		"id": 27799,
		"agentId": 75791,
		"title": "Unbranded Fresh Fish",
		"slug": "sapiente-non-voluptatem",
		"content": "Eos distinctio necessitatibus aut et modi non. Nobis odio non dicta. Culpa porro nulla doloremque. Veritatis enim laboriosam sunt labore. Maxime dolore hic expedita unde.",
		"status": "draft",
		"price": "986.00",
		"isNegotiable": false,
		"propertyType": "Villa",
		"condition": "Good",
		"rating": 1.5,
		"ratingCount": 6,
		"contactNumber": "093.299.4995",
		"amenities": [
			{
				"id": 91880,
				"guestRoom": 4
			},
			{
				"id": 15232,
				"bedRoom": 6
			},
			{
				"id": 80857,
				"wifiAvailability": false
			},
			{
				"id": 59567,
				"parkingAvailability": true
			},
			{
				"id": 72332,
				"poolAvailability": true
			},
			{
				"id": 53059,
				"airCondition": true
			},
			{
				"id": 48479,
				"extraBedFacility": false
			}
		],
		"image": {
			"id": 33542,
			"url": "http://s3.amazonaws.com/redqteam.com/tripfinder-images/hotel-2jpg",
			"thumb_url": "http://s3.amazonaws.com/redqteam.com/tripfinder-images/hotel-2_thumb.jpg"
		},
		"location": {
			"id": 28332,
			"lat": 44.6201,
			"lng": -72.272,
			"formattedAddress": "7702 Clyde Isle",
			"zipcode": "34707-9449",
			"city": "Christatown",
			"state_long": "Massachusetts",
			"state_short": "IA",
			"country_long": "Tunisia",
			"country_short": "OM"
		},
		"gallery": [
			{
				"id": 50117,
				"url": "http://s3.amazonaws.com/redqteam.com/tripfinder-images/hotel-1_thumb.jpg"
			},
			{
				"id": 69044,
				"url": "http://s3.amazonaws.com/redqteam.com/tripfinder-images/hotel-20_thumb.jpg"
			},
			{
				"id": 92346,
				"url": "http://s3.amazonaws.com/redqteam.com/tripfinder-images/hotel-19_thumb.jpg"
			}
		]
	},
	{
		"id": 76409,
		"agentId": 89635,
		"title": "Handmade Steel Bike",
		"slug": "aut-voluptatibus-magni",
		"content": "Ipsam excepturi incidunt cumque doloremque sit sed sit et explicabo. Aut debitis adipisci repellat sunt esse impedit. Dignissimos ipsum saepe ipsa quibusdam alias reprehenderit possimus autem. Voluptatem assumenda iusto iusto a dolore aspernatur ut omnis dolorem. Eos enim ipsum dicta ducimus sint ut.",
		"status": "draft",
		"price": "50.00",
		"isNegotiable": true,
		"propertyType": "Hotel",
		"condition": "Poor",
		"rating": 1.5,
		"ratingCount": 9,
		"contactNumber": "692.234.0772 x29045",
		"amenities": [
			{
				"id": 13206,
				"guestRoom": 8
			},
			{
				"id": 13729,
				"bedRoom": 7
			},
			{
				"id": 13635,
				"wifiAvailability": true
			},
			{
				"id": 42100,
				"parkingAvailability": false
			},
			{
				"id": 85530,
				"poolAvailability": true
			},
			{
				"id": 94973,
				"airCondition": true
			},
			{
				"id": 44031,
				"extraBedFacility": false
			}
		],
		"image": {
			"id": 77963,
			"url": "http://s3.amazonaws.com/redqteam.com/tripfinder-images/hotel-16.jpg",
			"thumb_url": "http://s3.amazonaws.com/redqteam.com/tripfinder-images/hotel-16_thumb.jpg"
		},
		"location": {
			"id": 208,
			"lat": 45.4277,
			"lng": -73.4256,
			"formattedAddress": "48802 Tiana Burg",
			"zipcode": "37725",
			"city": "New Mervin",
			"state_long": "Vermont",
			"state_short": "SD",
			"country_long": "Haiti",
			"country_short": "LA"
		},
		"gallery": [
			{
				"id": 1894,
				"url": "http://s3.amazonaws.com/redqteam.com/tripfinder-images/hotel-15_thumb.jpg"
			},
			{
				"id": 67185,
				"url": "http://s3.amazonaws.com/redqteam.com/tripfinder-images/hotel-14_thumb.jpg"
			},
			{
				"id": 85708,
				"url": "http://s3.amazonaws.com/redqteam.com/tripfinder-images/hotel-13_thumb.jpg"
			}
		]
	},
	{
		"id": 47426,
		"agentId": 48625,
		"title": "Gorgeous Wooden Tuna",
		"slug": "ut-perspiciatis-laborum",
		"content": "Voluptatem neque repudiandae sint dicta. Iure sunt sint similique odio cumque consectetur. Id ullam qui laborum sit dignissimos aliquam qui deserunt. Est ab aperiam laboriosam illum veniam. Reprehenderit laboriosam quas id id assumenda incidunt.",
		"status": "publish",
		"price": "980.00",
		"isNegotiable": false,
		"propertyType": "Hotel",
		"condition": "Excellent",
		"rating": 1.5,
		"ratingCount": 9,
		"contactNumber": "969.353.9860",
		"amenities": [
			{
				"id": 55962,
				"guestRoom": 3
			},
			{
				"id": 35950,
				"bedRoom": 4
			},
			{
				"id": 539,
				"wifiAvailability": true
			},
			{
				"id": 98738,
				"parkingAvailability": true
			},
			{
				"id": 80936,
				"poolAvailability": false
			},
			{
				"id": 60311,
				"airCondition": false
			},
			{
				"id": 92029,
				"extraBedFacility": false
			}
		],
		"image": {
			"id": 76566,
			"url": "http://s3.amazonaws.com/redqteam.com/tripfinder-images/hotel-10.jpg",
			"thumb_url": "http://s3.amazonaws.com/redqteam.com/tripfinder-images/hotel-10_thumb.jpg"
		},
		"location": {
			"id": 51236,
			"lat": 44.3144,
			"lng": -70.1627,
			"formattedAddress": "979 Bettye Hill",
			"zipcode": "52085-2972",
			"city": "South Dejamouth",
			"state_long": "Alaska",
			"state_short": "NJ",
			"country_long": "Liberia",
			"country_short": "MS"
		},
		"gallery": [
			{
				"id": 21962,
				"url": "http://s3.amazonaws.com/redqteam.com/tripfinder-images/hotel-9_thumb.jpg"
			},
			{
				"id": 55970,
				"url": "http://s3.amazonaws.com/redqteam.com/tripfinder-images/hotel-8_thumb.jpg"
			},
			{
				"id": 57167,
				"url": "http://s3.amazonaws.com/redqteam.com/tripfinder-images/hotel-7_thumb.jpg"
			}
		]
	},
	{
		"id": 6156,
		"agentId": 12047,
		"title": "Tasty Steel Hat",
		"slug": "ex-pariatur-nemo",
		"content": "Cum temporibus cupiditate et distinctio adipisci deserunt. Omnis maxime dignissimos minima cumque reprehenderit quis suscipit veritatis. Ut velit molestiae maxime dolor.",
		"status": "publish",
		"price": "619.00",
		"isNegotiable": false,
		"propertyType": "Villa",
		"condition": "Average",
		"rating": 4.5,
		"ratingCount": 13,
		"contactNumber": "(458) 402-0874 x4752",
		"amenities": [
			{
				"id": 40745,
				"guestRoom": 7
			},
			{
				"id": 51406,
				"bedRoom": 2
			},
			{
				"id": 33609,
				"wifiAvailability": false
			},
			{
				"id": 91628,
				"parkingAvailability": true
			},
			{
				"id": 9102,
				"poolAvailability": false
			},
			{
				"id": 34840,
				"airCondition": false
			},
			{
				"id": 36735,
				"extraBedFacility": true
			}
		],
		"image": {
			"id": 29985,
			"url": "http://s3.amazonaws.com/redqteam.com/tripfinder-images/hotel-4.jpg",
			"thumb_url": "http://s3.amazonaws.com/redqteam.com/tripfinder-images/hotel-4_thumb.jpg"
		},
		"location": {
			"id": 81441,
			"lat": 42.2268,
			"lng": -76.4359,
			"formattedAddress": "224 Veda Motorway",
			"zipcode": "53022",
			"city": "Asiashire",
			"state_long": "Ohio",
			"state_short": "WV",
			"country_long": "Monaco",
			"country_short": "CM"
		},
		"gallery": [
			{
				"id": 60047,
				"url": "http://s3.amazonaws.com/redqteam.com/tripfinder-images/hotel-3_thumb.jpg"
			},
			{
				"id": 37297,
				"url": "http://s3.amazonaws.com/redqteam.com/tripfinder-images/hotel-2_thumb.jpg"
			},
			{
				"id": 77118,
				"url": "http://s3.amazonaws.com/redqteam.com/tripfinder-images/hotel-1_thumb.jpg"
			}
		]
	},
	{
		"id": 80568,
		"agentId": 82818,
		"title": "Ergonomic Metal Bacon",
		"slug": "at-provident-ducimus",
		"content": "Error quod ullam. Eius nihil est facere amet. Itaque ducimus neque dolor et voluptatem sit quibusdam.",
		"status": "publish",
		"price": "906.00",
		"isNegotiable": true,
		"propertyType": "Villa",
		"condition": "Good",
		"rating": 2.8,
		"ratingCount": 1,
		"contactNumber": "(386) 123-8145 x1045",
		"amenities": [
			{
				"id": 82696,
				"guestRoom": 6
			},
			{
				"id": 83445,
				"bedRoom": 3
			},
			{
				"id": 28142,
				"wifiAvailability": true
			},
			{
				"id": 91892,
				"parkingAvailability": false
			},
			{
				"id": 16669,
				"poolAvailability": true
			},
			{
				"id": 66219,
				"airCondition": true
			},
			{
				"id": 60623,
				"extraBedFacility": false
			}
		],
		"image": {
			"id": 73045,
			"url": "http://s3.amazonaws.com/redqteam.com/tripfinder-images/hotel-18.jpg",
			"thumb_url": "http://s3.amazonaws.com/redqteam.com/tripfinder-images/hotel-18_thumb.jpg"
		},
		"location": {
			"id": 7531,
			"lat": 41.3916,
			"lng": -77.0292,
			"formattedAddress": "50023 Bernhard Passage",
			"zipcode": "90342-4263",
			"city": "Eldredchester",
			"state_long": "Oklahoma",
			"state_short": "SD",
			"country_long": "Lithuania",
			"country_short": "GM"
		},
		"gallery": [
			{
				"id": 54911,
				"url": "http://s3.amazonaws.com/redqteam.com/tripfinder-images/hotel-17_thumb.jpg"
			},
			{
				"id": 96847,
				"url": "http://s3.amazonaws.com/redqteam.com/tripfinder-images/hotel-16_thumb.jpg"
			},
			{
				"id": 69291,
				"url": "http://s3.amazonaws.com/redqteam.com/tripfinder-images/hotel-15_thumb.jpg"
			}
		]
	},
	{
		"id": 56863,
		"agentId": 96996,
		"title": "Refined Concrete Soap",
		"slug": "itaque-aut-dolorem",
		"content": "Tempore rerum iusto dignissimos dolores eligendi. Consequatur quod porro. Tempora vel ut dolorem sit molestias quos. Quia quo quia ut sapiente quidem consectetur quae.",
		"status": "publish",
		"price": "888.00",
		"isNegotiable": false,
		"propertyType": "Villa",
		"condition": "Excellent",
		"rating": 4.76,
		"ratingCount": 8,
		"contactNumber": "485-145-3227 x26694",
		"amenities": [
			{
				"id": 17279,
				"guestRoom": 1
			},
			{
				"id": 69347,
				"bedRoom": 2
			},
			{
				"id": 80081,
				"wifiAvailability": true
			},
			{
				"id": 1439,
				"parkingAvailability": true
			},
			{
				"id": 93484,
				"poolAvailability": false
			},
			{
				"id": 91738,
				"airCondition": false
			},
			{
				"id": 38344,
				"extraBedFacility": false
			}
		],
		"image": {
			"id": 28745,
			"url": "http://s3.amazonaws.com/redqteam.com/tripfinder-images/hotel-12.jpg",
			"thumb_url": "http://s3.amazonaws.com/redqteam.com/tripfinder-images/hotel-12_thumb.jpg"
		},
		"location": {
			"id": 57685,
			"lat": 40.0595,
			"lng": -79.5341,
			"formattedAddress": "0846 Asha Canyon",
			"zipcode": "05377-1615",
			"city": "Lilianebury",
			"state_long": "Massachusetts",
			"state_short": "SC",
			"country_long": "Saint Helena",
			"country_short": "SN"
		},
		"gallery": [
			{
				"id": 95712,
				"url": "http://s3.amazonaws.com/redqteam.com/tripfinder-images/hotel-11_thumb.jpg"
			},
			{
				"id": 14953,
				"url": "http://s3.amazonaws.com/redqteam.com/tripfinder-images/hotel-9_thumb.jpg"
			},
			{
				"id": 73203,
				"url": "http://s3.amazonaws.com/redqteam.com/tripfinder-images/hotel-10_thumb.jpg"
			}
		]
	},
	{
		"id": 37634,
		"agentId": 29228,
		"title": "Refined Granite Pants",
		"slug": "qui-nostrum-nostrum",
		"content": "Eum est occaecati voluptas. Et ab explicabo. Modi earum commodi veniam nam aut est assumenda maiores vitae.",
		"status": "draft",
		"price": "22.00",
		"isNegotiable": false,
		"propertyType": "Hotel",
		"condition": "Good",
		"rating": 5,
		"ratingCount": 9,
		"contactNumber": "832-038-8977 x512",
		"amenities": [
			{
				"id": 18327,
				"guestRoom": 7
			},
			{
				"id": 49792,
				"bedRoom": 3
			},
			{
				"id": 70068,
				"wifiAvailability": false
			},
			{
				"id": 40568,
				"parkingAvailability": true
			},
			{
				"id": 23978,
				"poolAvailability": false
			},
			{
				"id": 37696,
				"airCondition": false
			},
			{
				"id": 96592,
				"extraBedFacility": false
			}
		],
		"image": {
			"id": 4850,
			"url": "http://s3.amazonaws.com/redqteam.com/tripfinder-images/hotel-6.jpg",
			"thumb_url": "http://s3.amazonaws.com/redqteam.com/tripfinder-images/hotel-6_thumb.jpg"
		},
		"location": {
			"id": 50355,
			"lat": 39.6716,
			"lng": -83.0937,
			"formattedAddress": "343 Hahn Knolls",
			"zipcode": "49722-7358",
			"city": "Donnellyton",
			"state_long": "South Carolina",
			"state_short": "AZ",
			"country_long": "Cayman Islands",
			"country_short": "MP"
		},
		"gallery": [
			{
				"id": 60783,
				"url": "http://s3.amazonaws.com/redqteam.com/tripfinder-images/hotel-5_thumb.jpg"
			},
			{
				"id": 85913,
				"url": "http://s3.amazonaws.com/redqteam.com/tripfinder-images/hotel-4_thumb.jpg"
			},
			{
				"id": 53254,
				"url": "http://s3.amazonaws.com/redqteam.com/tripfinder-images/hotel-3_thumb.jpg"
			}
		]
	},
	{
		"id": 51498,
		"agentId": 6541,
		"title": "Intelligent Rubber Chair",
		"slug": "est-rerum-rerum",
		"content": "Eius recusandae dolores aut vel esse commodi reprehenderit excepturi consequatur. Ut sequi alias quia. Sint in ut architecto officia quia qui ut. Iste non qui velit qui dolor dolor. Sapiente molestias non occaecati dolorum veritatis et. Itaque eum id voluptatum debitis dolores consequatur et.",
		"status": "draft",
		"price": "759.00",
		"isNegotiable": true,
		"propertyType": "Hotel",
		"condition": "Poor",
		"rating": 4.5,
		"ratingCount": 6,
		"contactNumber": "1-753-527-1692 x58416",
		"amenities": [
			{
				"id": 58799,
				"guestRoom": 2
			},
			{
				"id": 63444,
				"bedRoom": 8
			},
			{
				"id": 18703,
				"wifiAvailability": false
			},
			{
				"id": 84990,
				"parkingAvailability": true
			},
			{
				"id": 3462,
				"poolAvailability": true
			},
			{
				"id": 71374,
				"airCondition": true
			},
			{
				"id": 80292,
				"extraBedFacility": true
			}
		],
		"image": {
			"id": 99298,
			"url": "http://s3.amazonaws.com/redqteam.com/tripfinder-images/hotel-20.jpg",
			"thumb_url": "http://s3.amazonaws.com/redqteam.com/tripfinder-images/hotel-20_thumb.jpg"
		},
		"location": {
			"id": 60072,
			"lat": 36.3133,
			"lng": -83.3354,
			"formattedAddress": "33779 Paucek Vista",
			"zipcode": "23722-5772",
			"city": "Autumnfort",
			"state_long": "New Hampshire",
			"state_short": "ID",
			"country_long": "Germany",
			"country_short": "AD"
		},
		"gallery": [
			{
				"id": 95696,
				"url": "http://s3.amazonaws.com/redqteam.com/tripfinder-images/hotel-19_thumb.jpg"
			},
			{
				"id": 47987,
				"url": "http://s3.amazonaws.com/redqteam.com/tripfinder-images/hotel-18_thumb.jpg"
			},
			{
				"id": 78696,
				"url": "http://s3.amazonaws.com/redqteam.com/tripfinder-images/hotel-17_thumb.jpg"
			}
		]
	},
	{
		"id": 55592,
		"agentId": 16447,
		"title": "Rustic Rubber Table",
		"slug": "nesciunt-voluptatem-exercitationem",
		"content": "Ea ut et quasi dolore. Iusto expedita aut provident earum. Cupiditate omnis vero quod et sunt voluptatem debitis at atque.",
		"status": "draft",
		"price": "786.00",
		"isNegotiable": true,
		"propertyType": "Hotel",
		"condition": "Good",
		"rating": 1.5,
		"ratingCount": 12,
		"contactNumber": "1-853-792-7203 x8798",
		"amenities": [
			{
				"id": 40142,
				"guestRoom": 5
			},
			{
				"id": 6242,
				"bedRoom": 2
			},
			{
				"id": 67581,
				"wifiAvailability": true
			},
			{
				"id": 31841,
				"parkingAvailability": true
			},
			{
				"id": 50818,
				"poolAvailability": false
			},
			{
				"id": 87916,
				"airCondition": true
			},
			{
				"id": 82690,
				"extraBedFacility": false
			}
		],
		"image": {
			"id": 25079,
			"url": "http://s3.amazonaws.com/redqteam.com/tripfinder-images/hotel-14.jpg",
			"thumb_url": "http://s3.amazonaws.com/redqteam.com/tripfinder-images/hotel-14_thumb.jpg"
		},
		"location": {
			"id": 58604,
			"lat": 33.7225,
			"lng": -84.3461,
			"formattedAddress": "28789 Bode Roads",
			"zipcode": "34377-5541",
			"city": "Zemlakview",
			"state_long": "Oklahoma",
			"state_short": "KY",
			"country_long": "Bolivia",
			"country_short": "TH"
		},
		"gallery": [
			{
				"id": 57839,
				"url": "http://s3.amazonaws.com/redqteam.com/tripfinder-images/hotel-13_thumb.jpg"
			},
			{
				"id": 84756,
				"url": "http://s3.amazonaws.com/redqteam.com/tripfinder-images/hotel-12_thumb.jpg"
			},
			{
				"id": 93432,
				"url": "http://s3.amazonaws.com/redqteam.com/tripfinder-images/hotel-11_thumb.jpg"
			}
		]
	},
	{
		"id": 96119,
		"agentId": 8273,
		"title": "Practical Steel Computer",
		"slug": "voluptas-repellendus-tempore",
		"content": "At veritatis dolorem amet porro omnis adipisci quibusdam et. Eum voluptatem rerum. Iste non molestiae qui. Eligendi dolorum deserunt reprehenderit odio veritatis officia. Culpa totam assumenda voluptas rem dolorem nemo quos autem repellendus.",
		"status": "draft",
		"price": "540.00",
		"isNegotiable": false,
		"propertyType": "Villa",
		"condition": "Good",
		"rating": 1.2,
		"ratingCount": 16,
		"contactNumber": "(769) 042-0200 x675",
		"amenities": [
			{
				"id": 24608,
				"guestRoom": 3
			},
			{
				"id": 28103,
				"bedRoom": 2
			},
			{
				"id": 16998,
				"wifiAvailability": true
			},
			{
				"id": 97429,
				"parkingAvailability": false
			},
			{
				"id": 38546,
				"poolAvailability": true
			},
			{
				"id": 58097,
				"airCondition": false
			},
			{
				"id": 10754,
				"extraBedFacility": false
			}
		],
		"image": {
			"id": 82888,
			"url": "http://s3.amazonaws.com/redqteam.com/tripfinder-images/hotel-8.jpg",
			"thumb_url": "http://s3.amazonaws.com/redqteam.com/tripfinder-images/hotel-8_thumb.jpg"
		},
		"location": {
			"id": 89997,
			"lat": 32.3966,
			"lng": -86.2797,
			"formattedAddress": "582 Glover Cove",
			"zipcode": "58095",
			"city": "Spinkastad",
			"state_long": "Connecticut",
			"state_short": "SC",
			"country_long": "Martinique",
			"country_short": "MM"
		},
		"gallery": [
			{
				"id": 76516,
				"url": "http://s3.amazonaws.com/redqteam.com/tripfinder-images/hotel-7_thumb.jpg"
			},
			{
				"id": 60508,
				"url": "http://s3.amazonaws.com/redqteam.com/tripfinder-images/hotel-6_thumb.jpg"
			},
			{
				"id": 78119,
				"url": "http://s3.amazonaws.com/redqteam.com/tripfinder-images/hotel-5_thumb.jpg"
			}
		]
	},
	{
		"id": 336,
		"agentId": 31401,
		"title": "Licensed Soft Chair",
		"slug": "quis-odio-eos",
		"content": "Unde et in omnis dolorum. Et quis nesciunt ipsa enim totam sint nesciunt. Accusamus ipsam sequi est sit mollitia et impedit illo.",
		"status": "draft",
		"price": "124.00",
		"isNegotiable": false,
		"propertyType": "Villa",
		"condition": "Average",
		"rating": 1.5,
		"ratingCount": 7,
		"contactNumber": "052-241-8912 x94334",
		"amenities": [
			{
				"id": 65951,
				"guestRoom": 4
			},
			{
				"id": 44167,
				"bedRoom": 2
			},
			{
				"id": 67016,
				"wifiAvailability": true
			},
			{
				"id": 75745,
				"parkingAvailability": true
			},
			{
				"id": 78273,
				"poolAvailability": false
			},
			{
				"id": 50088,
				"airCondition": true
			},
			{
				"id": 21272,
				"extraBedFacility": true
			}
		],
		"image": {
			"id": 97137,
			"url": "http://s3.amazonaws.com/redqteam.com/tripfinder-images/hotel-2.jpg",
			"thumb_url": "http://s3.amazonaws.com/redqteam.com/tripfinder-images/hotel-2_thumb.jpg"
		},
		"location": {
			"id": 1879,
			"lat": 31.0698,
			"lng": -84.6757,
			"formattedAddress": "745 Samantha Unions",
			"zipcode": "57895-7706",
			"city": "South Clementinachester",
			"state_long": "Illinois",
			"state_short": "WA",
			"country_long": "San Marino",
			"country_short": "ML"
		},
		"gallery": [
			{
				"id": 91692,
				"url": "http://s3.amazonaws.com/redqteam.com/tripfinder-images/hotel-1_thumb.jpg"
			},
			{
				"id": 46703,
				"url": "http://s3.amazonaws.com/redqteam.com/tripfinder-images/hotel-20_thumb.jpg"
			},
			{
				"id": 5371,
				"url": "http://s3.amazonaws.com/redqteam.com/tripfinder-images/hotel-19_thumb.jpg"
			}
		]
	},
	{
		"id": 67095,
		"agentId": 19470,
		"title": "Handmade Fresh Hat",
		"slug": "illum-nihil-possimus",
		"content": "Dolores molestiae voluptatem saepe quia facilis dolor. Quos modi sed. Sed labore modi et tempore velit recusandae. Consequatur consequatur dolorem.",
		"status": "draft",
		"price": "668.00",
		"isNegotiable": true,
		"propertyType": "Villa",
		"condition": "Good",
		"rating": 2.8,
		"ratingCount": 2,
		"contactNumber": "(316) 526-9578 x2216",
		"amenities": [
			{
				"id": 14110,
				"guestRoom": 6
			},
			{
				"id": 96462,
				"bedRoom": 6
			},
			{
				"id": 17813,
				"wifiAvailability": true
			},
			{
				"id": 11488,
				"parkingAvailability": true
			},
			{
				"id": 94497,
				"poolAvailability": true
			},
			{
				"id": 91459,
				"airCondition": false
			},
			{
				"id": 37586,
				"extraBedFacility": false
			}
		],
		"image": {
			"id": 25935,
			"url": "http://s3.amazonaws.com/redqteam.com/tripfinder-images/hotel-16.jpg",
			"thumb_url": "http://s3.amazonaws.com/redqteam.com/tripfinder-images/hotel-16_thumb.jpg"
		},
		"location": {
			"id": 9304,
			"lat": 31.1639,
			"lng": -83.0937,
			"formattedAddress": "35950 Boris Field",
			"zipcode": "82838-5412",
			"city": "Wardside",
			"state_long": "Arizona",
			"state_short": "CA",
			"country_long": "Samoa",
			"country_short": "SO"
		},
		"gallery": [
			{
				"id": 9500,
				"url": "http://s3.amazonaws.com/redqteam.com/tripfinder-images/hotel-15_thumb.jpg"
			},
			{
				"id": 49786,
				"url": "http://s3.amazonaws.com/redqteam.com/tripfinder-images/hotel-14_thumb.jpg"
			},
			{
				"id": 6738,
				"url": "http://s3.amazonaws.com/redqteam.com/tripfinder-images/hotel-13_thumb.jpg"
			}
		]
	},
	{
		"id": 55866,
		"agentId": 18823,
		"title": "Handcrafted Concrete Bacon",
		"slug": "sed-velit-non",
		"content": "Blanditiis aperiam eos aut amet quia explicabo totam porro maxime. Et sed debitis repellendus tempora veritatis. Atque sit itaque ut est labore inventore et eius ad. Omnis consequuntur doloremque repudiandae qui et delectus amet minima aperiam. Sed iusto porro cupiditate omnis laboriosam a pariatur. Id aut labore eum aut quaerat exercitationem.",
		"status": "draft",
		"price": "405.00",
		"isNegotiable": false,
		"propertyType": "Hotel",
		"condition": "Average",
		"rating": 3.5,
		"ratingCount": 1,
		"contactNumber": "1-045-434-6213 x3625",
		"amenities": [
			{
				"id": 61423,
				"guestRoom": 6
			},
			{
				"id": 97776,
				"bedRoom": 4
			},
			{
				"id": 61715,
				"wifiAvailability": false
			},
			{
				"id": 65035,
				"parkingAvailability": false
			},
			{
				"id": 56208,
				"poolAvailability": false
			},
			{
				"id": 13028,
				"airCondition": true
			},
			{
				"id": 62345,
				"extraBedFacility": true
			}
		],
		"image": {
			"id": 80556,
			"url": "http://s3.amazonaws.com/redqteam.com/tripfinder-images/hotel-10.jpg",
			"thumb_url": "http://s3.amazonaws.com/redqteam.com/tripfinder-images/hotel-10_thumb.jpg"
		},
		"location": {
			"id": 86829,
			"lat": 32.5449,
			"lng": -86.5434,
			"formattedAddress": "9938 Kshlerin Curve",
			"zipcode": "81798-5585",
			"city": "New Afton",
			"state_long": "New Jersey",
			"state_short": "VA",
			"country_long": "Liechtenstein",
			"country_short": "VU"
		},
		"gallery": [
			{
				"id": 58430,
				"url": "http://s3.amazonaws.com/redqteam.com/tripfinder-images/hotel-9_thumb.jpg"
			},
			{
				"id": 41380,
				"url": "http://s3.amazonaws.com/redqteam.com/tripfinder-images/hotel-8_thumb.jpg"
			},
			{
				"id": 58941,
				"url": "http://s3.amazonaws.com/redqteam.com/tripfinder-images/hotel-7_thumb.jpg"
			}
		]
	},
	{
		"id": 48525,
		"agentId": 8782,
		"title": "Sleek Fresh Computer",
		"slug": "quasi-voluptatem-voluptatem",
		"content": "Harum minima dignissimos a porro adipisci magni. Doloribus incidunt id veniam perferendis explicabo ut nobis eos. Et quidem reiciendis est cum animi. Qui qui neque sapiente assumenda eum voluptas. Qui exercitationem officia ipsa quae vero sint tempore sed optio.",
		"status": "draft",
		"price": "117.00",
		"isNegotiable": true,
		"propertyType": "Villa",
		"condition": "Terrible",
		"rating": 5,
		"ratingCount": 11,
		"contactNumber": "(040) 889-5612 x005",
		"amenities": [
			{
				"id": 82657,
				"guestRoom": 1
			},
			{
				"id": 83973,
				"bedRoom": 8
			},
			{
				"id": 69844,
				"wifiAvailability": true
			},
			{
				"id": 87969,
				"parkingAvailability": true
			},
			{
				"id": 52996,
				"poolAvailability": true
			},
			{
				"id": 30018,
				"airCondition": false
			},
			{
				"id": 59184,
				"extraBedFacility": false
			}
		],
		"image": {
			"id": 32140,
			"url": "http://s3.amazonaws.com/redqteam.com/tripfinder-images/hotel-4.jpg",
			"thumb_url": "http://s3.amazonaws.com/redqteam.com/tripfinder-images/hotel-4_thumb.jpg"
		},
		"location": {
			"id": 17324,
			"lat": 32.9146,
			"lng": -89.6196,
			"formattedAddress": "572 Christian Springs",
			"zipcode": "76935",
			"city": "West Rebafurt",
			"state_long": "New York",
			"state_short": "KS",
			"country_long": "Cameroon",
			"country_short": "TO"
		},
		"gallery": [
			{
				"id": 23103,
				"url": "http://s3.amazonaws.com/redqteam.com/tripfinder-images/hotel-3_thumb.jpg"
			},
			{
				"id": 8504,
				"url": "http://s3.amazonaws.com/redqteam.com/tripfinder-images/hotel-2_thumb.jpg"
			},
			{
				"id": 67754,
				"url": "http://s3.amazonaws.com/redqteam.com/tripfinder-images/hotel-1_thumb.jpg"
			}
		]
	},
	{
		"id": 65362,
		"agentId": 2125,
		"title": "Awesome Cotton Chicken",
		"slug": "reiciendis-consequatur-dolore",
		"content": "Eveniet impedit a temporibus eligendi consectetur maxime sed. Distinctio soluta saepe porro et. Eum ipsum ea alias ut cupiditate non placeat animi ut.",
		"status": "draft",
		"price": "253.00",
		"isNegotiable": true,
		"propertyType": "Hotel",
		"condition": "Excellent",
		"rating": 1.2,
		"ratingCount": 6,
		"contactNumber": "1-403-000-9038 x910",
		"amenities": [
			{
				"id": 53018,
				"guestRoom": 5
			},
			{
				"id": 22863,
				"bedRoom": 2
			},
			{
				"id": 11895,
				"wifiAvailability": true
			},
			{
				"id": 14671,
				"parkingAvailability": true
			},
			{
				"id": 25396,
				"poolAvailability": true
			},
			{
				"id": 89598,
				"airCondition": false
			},
			{
				"id": 57105,
				"extraBedFacility": true
			}
		],
		"image": {
			"id": 41632,
			"url": "http://s3.amazonaws.com/redqteam.com/tripfinder-images/hotel-18.jpg",
			"thumb_url": "http://s3.amazonaws.com/redqteam.com/tripfinder-images/hotel-18_thumb.jpg"
		},
		"location": {
			"id": 48797,
			"lat": 34.3597,
			"lng": -91.6191,
			"formattedAddress": "6905 Johns Trafficway",
			"zipcode": "64830",
			"city": "Port Ashleyland",
			"state_long": "Maryland",
			"state_short": "TX",
			"country_long": "Guyana",
			"country_short": "PL"
		},
		"gallery": [
			{
				"id": 49921,
				"url": "http://s3.amazonaws.com/redqteam.com/tripfinder-images/hotel-17_thumb.jpg"
			},
			{
				"id": 43045,
				"url": "http://s3.amazonaws.com/redqteam.com/tripfinder-images/hotel-16_thumb.jpg"
			},
			{
				"id": 19843,
				"url": "http://s3.amazonaws.com/redqteam.com/tripfinder-images/hotel-15_thumb.jpg"
			}
		]
	},
	{
		"id": 2654,
		"agentId": 49188,
		"title": "Handmade Fresh Mouse",
		"slug": "ipsam-delectus-praesentium",
		"content": "Quod quia voluptatem maiores recusandae. Est veniam aut voluptate itaque et ex recusandae. Natus est est non culpa.",
		"status": "publish",
		"price": "834.00",
		"isNegotiable": false,
		"propertyType": "Hotel",
		"condition": "Terrible",
		"rating": 2.8,
		"ratingCount": 15,
		"contactNumber": "1-501-245-2471 x63314",
		"amenities": [
			{
				"id": 31761,
				"guestRoom": 1
			},
			{
				"id": 99825,
				"bedRoom": 5
			},
			{
				"id": 90632,
				"wifiAvailability": true
			},
			{
				"id": 74163,
				"parkingAvailability": true
			},
			{
				"id": 11743,
				"poolAvailability": false
			},
			{
				"id": 18182,
				"airCondition": false
			},
			{
				"id": 69277,
				"extraBedFacility": true
			}
		],
		"image": {
			"id": 78004,
			"url": "http://s3.amazonaws.com/redqteam.com/tripfinder-images/hotel-12.jpg",
			"thumb_url": "http://s3.amazonaws.com/redqteam.com/tripfinder-images/hotel-12_thumb.jpg"
		},
		"location": {
			"id": 60343,
			"lat": 36.7899,
			"lng": -86.2797,
			"formattedAddress": "69635 Wyman Underpass",
			"zipcode": "90145",
			"city": "South Rowan",
			"state_long": "Arizona",
			"state_short": "KY",
			"country_long": "Angola",
			"country_short": "BY"
		},
		"gallery": [
			{
				"id": 31596,
				"url": "http://s3.amazonaws.com/redqteam.com/tripfinder-images/hotel-11_thumb.jpg"
			},
			{
				"id": 51643,
				"url": "http://s3.amazonaws.com/redqteam.com/tripfinder-images/hotel-10_thumb.jpg"
			},
			{
				"id": 83948,
				"url": "http://s3.amazonaws.com/redqteam.com/tripfinder-images/hotel-9_thumb.jpg"
			}
		]
	},
	{
		"id": 40688,
		"agentId": 22661,
		"title": "Practical Steel Bacon",
		"slug": "non-cum-id",
		"content": "Est ipsa iste temporibus. Enim et est perspiciatis. Fugit sit unde suscipit eum est rem ut dolor totam. Officia sit officiis ratione ipsum quis. Numquam distinctio ipsa. Quo excepturi eum sunt incidunt voluptas doloribus autem.",
		"status": "draft",
		"price": "559.00",
		"isNegotiable": true,
		"propertyType": "Hotel",
		"condition": "Excellent",
		"rating": 3.5,
		"ratingCount": 2,
		"contactNumber": "1-755-332-9657 x8182",
		"amenities": [
			{
				"id": 46526,
				"guestRoom": 5
			},
			{
				"id": 79521,
				"bedRoom": 4
			},
			{
				"id": 91279,
				"wifiAvailability": false
			},
			{
				"id": 96730,
				"parkingAvailability": false
			},
			{
				"id": 33662,
				"poolAvailability": false
			},
			{
				"id": 54057,
				"airCondition": false
			},
			{
				"id": 31656,
				"extraBedFacility": true
			}
		],
		"image": {
			"id": 36025,
			"url": "http://s3.amazonaws.com/redqteam.com/tripfinder-images/hotel-6.jpg",
			"thumb_url": "http://s3.amazonaws.com/redqteam.com/tripfinder-images/hotel-6_thumb.jpg"
		},
		"location": {
			"id": 44703,
			"lat": 36.1804,
			"lng": -86.7082,
			"formattedAddress": "83436 Robbie Land",
			"zipcode": "84355",
			"city": "Lake Wilhelm",
			"state_long": "New Hampshire",
			"state_short": "NE",
			"country_long": "Moldova",
			"country_short": "MV"
		},
		"gallery": [
			{
				"id": 37129,
				"url": "http://s3.amazonaws.com/redqteam.com/tripfinder-images/hotel-5_thumb.jpg"
			},
			{
				"id": 77124,
				"url": "http://s3.amazonaws.com/redqteam.com/tripfinder-images/hotel-4_thumb.jpg"
			},
			{
				"id": 85472,
				"url": "http://s3.amazonaws.com/redqteam.com/tripfinder-images/hotel-3_thumb.jpg"
			}
		]
	}
]
